report_id,report_year,category,term,raw_count,word_count,frequency_per_10000_words
b19883651,1890,disease,cholera,3,8047,3.728097427612775
b19883651,1890,disease,consumption,0,8047,0.0
b19883651,1890,disease,diarrhoea,1,8047,1.2426991425375917
b19883651,1890,disease,diphtheria,11,8047,13.66969056791351
b19883651,1890,disease,fever,43,8047,53.43606312911644
b19883651,1890,disease,influenza,3,8047,3.728097427612775
b19883651,1890,disease,measles,11,8047,13.66969056791351
b19883651,1890,disease,scarlet fever,10,8047,12.426991425375917
b19883651,1890,disease,smallpox,0,8047,0.0
b19883651,1890,disease,typhoid,0,8047,0.0
b19883651,1890,disease,typhus,9,8047,11.184292282838326
b19883651,1890,governance,board,9,8047,11.184292282838326
b19883651,1890,governance,inspection,6,8047,7.45619485522555
b19883651,1890,governance,inspections,1,8047,1.2426991425375917
b19883651,1890,governance,inspector,0,8047,0.0
b19883651,1890,governance,medical officer,8,8047,9.941593140300734
b19883651,1890,governance,notices,3,8047,3.728097427612775
b19883651,1890,governance,sanitary authority,0,8047,0.0
b19883651,1890,governance,summonses,1,8047,1.2426991425375917
b19883651,1890,governance,vestry,0,8047,0.0
b19883651,1890,housing,common lodging house,0,8047,0.0
b19883651,1890,housing,dwellings,18,8047,22.368584565676652
b19883651,1890,housing,houses,37,8047,45.97986827389089
b19883651,1890,housing,lodging house,0,8047,0.0
b19883651,1890,housing,overcrowded,0,8047,0.0
b19883651,1890,housing,overcrowding,1,8047,1.2426991425375917
b19883651,1890,housing,rooms,8,8047,9.941593140300734
b19883651,1890,housing,tenement,0,8047,0.0
b19883651,1890,sanitary,dirty,0,8047,0.0
b19883651,1890,sanitary,drain,7,8047,8.698893997763141
b19883651,1890,sanitary,drainage,6,8047,7.45619485522555
b19883651,1890,sanitary,drains,6,8047,7.45619485522555
b19883651,1890,sanitary,filth,1,8047,1.2426991425375917
b19883651,1890,sanitary,nuisance,2,8047,2.4853982850751835
b19883651,1890,sanitary,nuisances,5,8047,6.213495712687958
b19883651,1890,sanitary,refuse,0,8047,0.0
b19883651,1890,sanitary,sanitary,13,8047,16.155088852988694
b19883651,1890,sanitary,sanitation,1,8047,1.2426991425375917
b19883651,1890,sanitary,sewage,0,8047,0.0
b19883651,1890,sanitary,sewer,2,8047,2.4853982850751835
b19883651,1890,sanitary,sewers,0,8047,0.0
b19883651,1890,sanitary,water supply,3,8047,3.728097427612775
b19883663,1891,disease,cholera,3,11036,2.7183762232693005
b19883663,1891,disease,consumption,1,11036,0.9061254077564335
b19883663,1891,disease,diarrhoea,2,11036,1.812250815512867
b19883663,1891,disease,diphtheria,11,11036,9.967379485320768
b19883663,1891,disease,fever,45,11036,40.775643349039505
b19883663,1891,disease,influenza,11,11036,9.967379485320768
b19883663,1891,disease,measles,13,11036,11.779630300833634
b19883663,1891,disease,scarlet fever,11,11036,9.967379485320768
b19883663,1891,disease,smallpox,0,11036,0.0
b19883663,1891,disease,typhoid,0,11036,0.0
b19883663,1891,disease,typhus,10,11036,9.061254077564335
b19883663,1891,governance,board,15,11036,13.591881116346501
b19883663,1891,governance,inspection,2,11036,1.812250815512867
b19883663,1891,governance,inspections,1,11036,0.9061254077564335
b19883663,1891,governance,inspector,4,11036,3.624501631025734
b19883663,1891,governance,medical officer,7,11036,6.342877854295034
b19883663,1891,governance,notices,4,11036,3.624501631025734
b19883663,1891,governance,sanitary authority,54,11036,48.93077201884741
b19883663,1891,governance,summonses,2,11036,1.812250815512867
b19883663,1891,governance,vestry,0,11036,0.0
b19883663,1891,housing,common lodging house,0,11036,0.0
b19883663,1891,housing,dwellings,9,11036,8.155128669807901
b19883663,1891,housing,houses,29,11036,26.27763682493657
b19883663,1891,housing,lodging house,0,11036,0.0
b19883663,1891,housing,overcrowded,0,11036,0.0
b19883663,1891,housing,overcrowding,5,11036,4.530627038782168
b19883663,1891,housing,rooms,4,11036,3.624501631025734
b19883663,1891,housing,tenement,0,11036,0.0
b19883663,1891,sanitary,dirty,0,11036,0.0
b19883663,1891,sanitary,drain,4,11036,3.624501631025734
b19883663,1891,sanitary,drainage,3,11036,2.7183762232693005
b19883663,1891,sanitary,drains,1,11036,0.9061254077564335
b19883663,1891,sanitary,filth,1,11036,0.9061254077564335
b19883663,1891,sanitary,nuisance,16,11036,14.498006524102935
b19883663,1891,sanitary,nuisances,9,11036,8.155128669807901
b19883663,1891,sanitary,refuse,14,11036,12.685755708590069
b19883663,1891,sanitary,sanitary,72,11036,65.24102935846321
b19883663,1891,sanitary,sanitation,0,11036,0.0
b19883663,1891,sanitary,sewage,0,11036,0.0
b19883663,1891,sanitary,sewer,1,11036,0.9061254077564335
b19883663,1891,sanitary,sewers,0,11036,0.0
b19883663,1891,sanitary,water supply,5,11036,4.530627038782168
b19883675,1892,disease,cholera,13,9635,13.492475350285417
b19883675,1892,disease,consumption,0,9635,0.0
b19883675,1892,disease,diarrhoea,5,9635,5.189413596263622
b19883675,1892,disease,diphtheria,20,9635,20.757654385054487
b19883675,1892,disease,fever,62,9635,64.34872859366891
b19883675,1892,disease,influenza,8,9635,8.303061754021796
b19883675,1892,disease,measles,11,9635,11.41670991177997
b19883675,1892,disease,scarlet fever,19,9635,19.719771665801765
b19883675,1892,disease,smallpox,0,9635,0.0
b19883675,1892,disease,typhoid,1,9635,1.0378827192527245
b19883675,1892,disease,typhus,14,9635,14.530358069538142
b19883675,1892,governance,board,32,9635,33.21224701608718
b19883675,1892,governance,inspection,2,9635,2.075765438505449
b19883675,1892,governance,inspections,1,9635,1.0378827192527245
b19883675,1892,governance,inspector,4,9635,4.151530877010898
b19883675,1892,governance,medical officer,5,9635,5.189413596263622
b19883675,1892,governance,notices,1,9635,1.0378827192527245
b19883675,1892,governance,sanitary authority,3,9635,3.1136481577581736
b19883675,1892,governance,summonses,1,9635,1.0378827192527245
b19883675,1892,governance,vestry,0,9635,0.0
b19883675,1892,housing,common lodging house,0,9635,0.0
b19883675,1892,housing,dwellings,9,9635,9.34094447327452
b19883675,1892,housing,houses,37,9635,38.4016606123508
b19883675,1892,housing,lodging house,0,9635,0.0
b19883675,1892,housing,overcrowded,0,9635,0.0
b19883675,1892,housing,overcrowding,2,9635,2.075765438505449
b19883675,1892,housing,rooms,3,9635,3.1136481577581736
b19883675,1892,housing,tenement,0,9635,0.0
b19883675,1892,sanitary,dirty,0,9635,0.0
b19883675,1892,sanitary,drain,0,9635,0.0
b19883675,1892,sanitary,drainage,3,9635,3.1136481577581736
b19883675,1892,sanitary,drains,2,9635,2.075765438505449
b19883675,1892,sanitary,filth,0,9635,0.0
b19883675,1892,sanitary,nuisance,1,9635,1.0378827192527245
b19883675,1892,sanitary,nuisances,4,9635,4.151530877010898
b19883675,1892,sanitary,refuse,1,9635,1.0378827192527245
b19883675,1892,sanitary,sanitary,26,9635,26.984950700570835
b19883675,1892,sanitary,sanitation,0,9635,0.0
b19883675,1892,sanitary,sewage,0,9635,0.0
b19883675,1892,sanitary,sewer,1,9635,1.0378827192527245
b19883675,1892,sanitary,sewers,0,9635,0.0
b19883675,1892,sanitary,water supply,6,9635,6.227296315516347
b18018348,1893,disease,cholera,12,23468,5.113345832623146
b18018348,1893,disease,consumption,1,23468,0.42611215271859554
b18018348,1893,disease,diarrhoea,3,23468,1.2783364581557866
b18018348,1893,disease,diphtheria,17,23468,7.243906596216124
b18018348,1893,disease,fever,61,23468,25.99284131583433
b18018348,1893,disease,influenza,7,23468,2.9827850690301685
b18018348,1893,disease,measles,11,23468,4.687233679904551
b18018348,1893,disease,scarlet fever,12,23468,5.113345832623146
b18018348,1893,disease,smallpox,2,23468,0.8522243054371911
b18018348,1893,disease,typhoid,7,23468,2.9827850690301685
b18018348,1893,disease,typhus,13,23468,5.539457985341742
b18018348,1893,governance,board,64,23468,27.271177773990114
b18018348,1893,governance,inspection,7,23468,2.9827850690301685
b18018348,1893,governance,inspections,2,23468,0.8522243054371911
b18018348,1893,governance,inspector,3,23468,1.2783364581557866
b18018348,1893,governance,medical officer,11,23468,4.687233679904551
b18018348,1893,governance,notices,3,23468,1.2783364581557866
b18018348,1893,governance,sanitary authority,41,23468,17.470598261462417
b18018348,1893,governance,summonses,3,23468,1.2783364581557866
b18018348,1893,governance,vestry,0,23468,0.0
b18018348,1893,housing,common lodging house,0,23468,0.0
b18018348,1893,housing,dwellings,12,23468,5.113345832623146
b18018348,1893,housing,houses,57,23468,24.288392704959943
b18018348,1893,housing,lodging house,0,23468,0.0
b18018348,1893,housing,overcrowded,0,23468,0.0
b18018348,1893,housing,overcrowding,3,23468,1.2783364581557866
b18018348,1893,housing,rooms,13,23468,5.539457985341742
b18018348,1893,housing,tenement,1,23468,0.42611215271859554
b18018348,1893,sanitary,dirty,0,23468,0.0
b18018348,1893,sanitary,drain,13,23468,5.539457985341742
b18018348,1893,sanitary,drainage,8,23468,3.4088972217487643
b18018348,1893,sanitary,drains,2,23468,0.8522243054371911
b18018348,1893,sanitary,filth,28,23468,11.931140276120674
b18018348,1893,sanitary,nuisance,9,23468,3.8350093744673597
b18018348,1893,sanitary,nuisances,5,23468,2.1305607635929777
b18018348,1893,sanitary,refuse,48,23468,20.453383330492585
b18018348,1893,sanitary,sanitary,70,23468,29.827850690301688
b18018348,1893,sanitary,sanitation,0,23468,0.0
b18018348,1893,sanitary,sewage,0,23468,0.0
b18018348,1893,sanitary,sewer,1,23468,0.42611215271859554
b18018348,1893,sanitary,sewers,0,23468,0.0
b18018348,1893,sanitary,water supply,7,23468,2.9827850690301685
b1801835x,1894,disease,cholera,10,10915,9.161704076958314
b1801835x,1894,disease,consumption,0,10915,0.0
b1801835x,1894,disease,diarrhoea,4,10915,3.664681630783326
b1801835x,1894,disease,diphtheria,16,10915,14.658726523133303
b1801835x,1894,disease,fever,60,10915,54.970224461749886
b1801835x,1894,disease,influenza,5,10915,4.580852038479157
b1801835x,1894,disease,measles,12,10915,10.994044892349978
b1801835x,1894,disease,scarlet fever,12,10915,10.994044892349978
b1801835x,1894,disease,smallpox,4,10915,3.664681630783326
b1801835x,1894,disease,typhoid,7,10915,6.41319285387082
b1801835x,1894,disease,typhus,9,10915,8.245533669262484
b1801835x,1894,governance,board,24,10915,21.988089784699955
b1801835x,1894,governance,inspection,1,10915,0.9161704076958315
b1801835x,1894,governance,inspections,2,10915,1.832340815391663
b1801835x,1894,governance,inspector,4,10915,3.664681630783326
b1801835x,1894,governance,medical officer,12,10915,10.994044892349978
b1801835x,1894,governance,notices,2,10915,1.832340815391663
b1801835x,1894,governance,sanitary authority,1,10915,0.9161704076958315
b1801835x,1894,governance,summonses,6,10915,5.497022446174989
b1801835x,1894,governance,vestry,0,10915,0.0
b1801835x,1894,housing,common lodging house,0,10915,0.0
b1801835x,1894,housing,dwellings,16,10915,14.658726523133303
b1801835x,1894,housing,houses,38,10915,34.814475492441595
b1801835x,1894,housing,lodging house,0,10915,0.0
b1801835x,1894,housing,overcrowded,3,10915,2.7485112230874944
b1801835x,1894,housing,overcrowding,4,10915,3.664681630783326
b1801835x,1894,housing,rooms,4,10915,3.664681630783326
b1801835x,1894,housing,tenement,1,10915,0.9161704076958315
b1801835x,1894,sanitary,dirty,15,10915,13.742556115437472
b1801835x,1894,sanitary,drain,5,10915,4.580852038479157
b1801835x,1894,sanitary,drainage,4,10915,3.664681630783326
b1801835x,1894,sanitary,drains,2,10915,1.832340815391663
b1801835x,1894,sanitary,filth,2,10915,1.832340815391663
b1801835x,1894,sanitary,nuisance,8,10915,7.329363261566652
b1801835x,1894,sanitary,nuisances,3,10915,2.7485112230874944
b1801835x,1894,sanitary,refuse,3,10915,2.7485112230874944
b1801835x,1894,sanitary,sanitary,34,10915,31.149793861658267
b1801835x,1894,sanitary,sanitation,0,10915,0.0
b1801835x,1894,sanitary,sewage,0,10915,0.0
b1801835x,1894,sanitary,sewer,0,10915,0.0
b1801835x,1894,sanitary,sewers,0,10915,0.0
b1801835x,1894,sanitary,water supply,8,10915,7.329363261566652
b19883687,1895,disease,cholera,9,14236,6.322000561955606
b19883687,1895,disease,consumption,0,14236,0.0
b19883687,1895,disease,diarrhoea,5,14236,3.512222534419781
b19883687,1895,disease,diphtheria,19,14236,13.346445630795166
b19883687,1895,disease,fever,76,14236,53.385782523180666
b19883687,1895,disease,influenza,4,14236,2.809778027535825
b19883687,1895,disease,measles,12,14236,8.429334082607474
b19883687,1895,disease,scarlet fever,18,14236,12.644001123911211
b19883687,1895,disease,smallpox,3,14236,2.1073335206518684
b19883687,1895,disease,typhoid,8,14236,5.61955605507165
b19883687,1895,disease,typhus,13,14236,9.13177858949143
b19883687,1895,governance,board,35,14236,24.585557740938466
b19883687,1895,governance,inspection,2,14236,1.4048890137679124
b19883687,1895,governance,inspections,1,14236,0.7024445068839562
b19883687,1895,governance,inspector,13,14236,9.13177858949143
b19883687,1895,governance,medical officer,9,14236,6.322000561955606
b19883687,1895,governance,notices,1,14236,0.7024445068839562
b19883687,1895,governance,sanitary authority,5,14236,3.512222534419781
b19883687,1895,governance,summonses,3,14236,2.1073335206518684
b19883687,1895,governance,vestry,2,14236,1.4048890137679124
b19883687,1895,housing,common lodging house,7,14236,4.917111548187693
b19883687,1895,housing,dwellings,9,14236,6.322000561955606
b19883687,1895,housing,houses,38,14236,26.692891261590333
b19883687,1895,housing,lodging house,8,14236,5.61955605507165
b19883687,1895,housing,overcrowded,5,14236,3.512222534419781
b19883687,1895,housing,overcrowding,4,14236,2.809778027535825
b19883687,1895,housing,rooms,3,14236,2.1073335206518684
b19883687,1895,housing,tenement,0,14236,0.0
b19883687,1895,sanitary,dirty,9,14236,6.322000561955606
b19883687,1895,sanitary,drain,4,14236,2.809778027535825
b19883687,1895,sanitary,drainage,7,14236,4.917111548187693
b19883687,1895,sanitary,drains,3,14236,2.1073335206518684
b19883687,1895,sanitary,filth,0,14236,0.0
b19883687,1895,sanitary,nuisance,12,14236,8.429334082607474
b19883687,1895,sanitary,nuisances,3,14236,2.1073335206518684
b19883687,1895,sanitary,refuse,2,14236,1.4048890137679124
b19883687,1895,sanitary,sanitary,27,14236,18.966001685866818
b19883687,1895,sanitary,sanitation,1,14236,0.7024445068839562
b19883687,1895,sanitary,sewage,0,14236,0.0
b19883687,1895,sanitary,sewer,1,14236,0.7024445068839562
b19883687,1895,sanitary,sewers,1,14236,0.7024445068839562
b19883687,1895,sanitary,water supply,6,14236,4.214667041303737
b18038244,1896,disease,cholera,9,11482,7.838355687162514
b18038244,1896,disease,consumption,0,11482,0.0
b18038244,1896,disease,diarrhoea,3,11482,2.6127852290541718
b18038244,1896,disease,diphtheria,24,11482,20.902281832433374
b18038244,1896,disease,fever,82,11482,71.41612959414736
b18038244,1896,disease,influenza,5,11482,4.35464204842362
b18038244,1896,disease,measles,15,11482,13.063926145270859
b18038244,1896,disease,scarlet fever,22,11482,19.160425013063925
b18038244,1896,disease,smallpox,5,11482,4.35464204842362
b18038244,1896,disease,typhoid,8,11482,6.967427277477791
b18038244,1896,disease,typhus,12,11482,10.451140916216687
b18038244,1896,governance,board,12,11482,10.451140916216687
b18038244,1896,governance,inspection,1,11482,0.8709284096847238
b18038244,1896,governance,inspections,1,11482,0.8709284096847238
b18038244,1896,governance,inspector,3,11482,2.6127852290541718
b18038244,1896,governance,medical officer,3,11482,2.6127852290541718
b18038244,1896,governance,notices,1,11482,0.8709284096847238
b18038244,1896,governance,sanitary authority,0,11482,0.0
b18038244,1896,governance,summonses,4,11482,3.4837136387388954
b18038244,1896,governance,vestry,1,11482,0.8709284096847238
b18038244,1896,housing,common lodging house,0,11482,0.0
b18038244,1896,housing,dwellings,11,11482,9.580212506531963
b18038244,1896,housing,houses,27,11482,23.515067061487546
b18038244,1896,housing,lodging house,0,11482,0.0
b18038244,1896,housing,overcrowded,1,11482,0.8709284096847238
b18038244,1896,housing,overcrowding,3,11482,2.6127852290541718
b18038244,1896,housing,rooms,6,11482,5.2255704581083435
b18038244,1896,housing,tenement,0,11482,0.0
b18038244,1896,sanitary,dirty,24,11482,20.902281832433374
b18038244,1896,sanitary,drain,1,11482,0.8709284096847238
b18038244,1896,sanitary,drainage,6,11482,5.2255704581083435
b18038244,1896,sanitary,drains,1,11482,0.8709284096847238
b18038244,1896,sanitary,filth,0,11482,0.0
b18038244,1896,sanitary,nuisance,5,11482,4.35464204842362
b18038244,1896,sanitary,nuisances,5,11482,4.35464204842362
b18038244,1896,sanitary,refuse,1,11482,0.8709284096847238
b18038244,1896,sanitary,sanitary,23,11482,20.03135342274865
b18038244,1896,sanitary,sanitation,0,11482,0.0
b18038244,1896,sanitary,sewage,0,11482,0.0
b18038244,1896,sanitary,sewer,0,11482,0.0
b18038244,1896,sanitary,sewers,0,11482,0.0
b18038244,1896,sanitary,water supply,5,11482,4.35464204842362
b19883699,1897,disease,cholera,8,10886,7.348888480617307
b19883699,1897,disease,consumption,2,10886,1.8372221201543268
b19883699,1897,disease,diarrhoea,5,10886,4.593055300385816
b19883699,1897,disease,diphtheria,19,10886,17.453610141466104
b19883699,1897,disease,fever,65,10886,59.70971890501561
b19883699,1897,disease,influenza,3,10886,2.7558331802314897
b19883699,1897,disease,measles,12,10886,11.023332720925959
b19883699,1897,disease,scarlet fever,14,10886,12.860554841080287
b19883699,1897,disease,smallpox,2,10886,1.8372221201543268
b19883699,1897,disease,typhoid,7,10886,6.430277420540143
b19883699,1897,disease,typhus,12,10886,11.023332720925959
b19883699,1897,governance,board,27,10886,24.802498622083412
b19883699,1897,governance,inspection,2,10886,1.8372221201543268
b19883699,1897,governance,inspections,1,10886,0.9186110600771634
b19883699,1897,governance,inspector,5,10886,4.593055300385816
b19883699,1897,governance,medical officer,9,10886,8.26749954069447
b19883699,1897,governance,notices,2,10886,1.8372221201543268
b19883699,1897,governance,sanitary authority,0,10886,0.0
b19883699,1897,governance,summonses,4,10886,3.6744442403086537
b19883699,1897,governance,vestry,0,10886,0.0
b19883699,1897,housing,common lodging house,2,10886,1.8372221201543268
b19883699,1897,housing,dwellings,13,10886,11.941943781003124
b19883699,1897,housing,houses,30,10886,27.5583318023149
b19883699,1897,housing,lodging house,2,10886,1.8372221201543268
b19883699,1897,housing,overcrowded,0,10886,0.0
b19883699,1897,housing,overcrowding,6,10886,5.511666360462979
b19883699,1897,housing,rooms,12,10886,11.023332720925959
b19883699,1897,housing,tenement,0,10886,0.0
b19883699,1897,sanitary,dirty,5,10886,4.593055300385816
b19883699,1897,sanitary,drain,3,10886,2.7558331802314897
b19883699,1897,sanitary,drainage,6,10886,5.511666360462979
b19883699,1897,sanitary,drains,3,10886,2.7558331802314897
b19883699,1897,sanitary,filth,0,10886,0.0
b19883699,1897,sanitary,nuisance,2,10886,1.8372221201543268
b19883699,1897,sanitary,nuisances,2,10886,1.8372221201543268
b19883699,1897,sanitary,refuse,2,10886,1.8372221201543268
b19883699,1897,sanitary,sanitary,17,10886,15.616388021311776
b19883699,1897,sanitary,sanitation,2,10886,1.8372221201543268
b19883699,1897,sanitary,sewage,0,10886,0.0
b19883699,1897,sanitary,sewer,0,10886,0.0
b19883699,1897,sanitary,sewers,0,10886,0.0
b19883699,1897,sanitary,water supply,8,10886,7.348888480617307
b19883705,1898,disease,cholera,8,9000,8.88888888888889
b19883705,1898,disease,consumption,0,9000,0.0
b19883705,1898,disease,diarrhoea,5,9000,5.555555555555555
b19883705,1898,disease,diphtheria,15,9000,16.666666666666668
b19883705,1898,disease,fever,62,9000,68.88888888888889
b19883705,1898,disease,influenza,3,9000,3.333333333333333
b19883705,1898,disease,measles,11,9000,12.222222222222221
b19883705,1898,disease,scarlet fever,11,9000,12.222222222222221
b19883705,1898,disease,smallpox,2,9000,2.2222222222222223
b19883705,1898,disease,typhoid,7,9000,7.777777777777778
b19883705,1898,disease,typhus,12,9000,13.333333333333332
b19883705,1898,governance,board,22,9000,24.444444444444443
b19883705,1898,governance,inspection,1,9000,1.1111111111111112
b19883705,1898,governance,inspections,2,9000,2.2222222222222223
b19883705,1898,governance,inspector,3,9000,3.333333333333333
b19883705,1898,governance,medical officer,9,9000,10.0
b19883705,1898,governance,notices,2,9000,2.2222222222222223
b19883705,1898,governance,sanitary authority,2,9000,2.2222222222222223
b19883705,1898,governance,summonses,2,9000,2.2222222222222223
b19883705,1898,governance,vestry,0,9000,0.0
b19883705,1898,housing,common lodging house,1,9000,1.1111111111111112
b19883705,1898,housing,dwellings,8,9000,8.88888888888889
b19883705,1898,housing,houses,25,9000,27.77777777777778
b19883705,1898,housing,lodging house,1,9000,1.1111111111111112
b19883705,1898,housing,overcrowded,4,9000,4.444444444444445
b19883705,1898,housing,overcrowding,4,9000,4.444444444444445
b19883705,1898,housing,rooms,4,9000,4.444444444444445
b19883705,1898,housing,tenement,0,9000,0.0
b19883705,1898,sanitary,dirty,2,9000,2.2222222222222223
b19883705,1898,sanitary,drain,4,9000,4.444444444444445
b19883705,1898,sanitary,drainage,1,9000,1.1111111111111112
b19883705,1898,sanitary,drains,3,9000,3.333333333333333
b19883705,1898,sanitary,filth,0,9000,0.0
b19883705,1898,sanitary,nuisance,4,9000,4.444444444444445
b19883705,1898,sanitary,nuisances,5,9000,5.555555555555555
b19883705,1898,sanitary,refuse,1,9000,1.1111111111111112
b19883705,1898,sanitary,sanitary,17,9000,18.88888888888889
b19883705,1898,sanitary,sanitation,0,9000,0.0
b19883705,1898,sanitary,sewage,0,9000,0.0
b19883705,1898,sanitary,sewer,0,9000,0.0
b19883705,1898,sanitary,sewers,0,9000,0.0
b19883705,1898,sanitary,water supply,5,9000,5.555555555555555
b19883717,1899,disease,cholera,8,12352,6.476683937823834
b19883717,1899,disease,consumption,0,12352,0.0
b19883717,1899,disease,diarrhoea,2,12352,1.6191709844559585
b19883717,1899,disease,diphtheria,14,12352,11.33419689119171
b19883717,1899,disease,fever,63,12352,51.00388601036269
b19883717,1899,disease,influenza,4,12352,3.238341968911917
b19883717,1899,disease,measles,10,12352,8.095854922279793
b19883717,1899,disease,scarlet fever,11,12352,8.905440414507773
b19883717,1899,disease,smallpox,3,12352,2.4287564766839376
b19883717,1899,disease,typhoid,7,12352,5.667098445595855
b19883717,1899,disease,typhus,13,12352,10.524611398963732
b19883717,1899,governance,board,46,12352,37.240932642487046
b19883717,1899,governance,inspection,2,12352,1.6191709844559585
b19883717,1899,governance,inspections,1,12352,0.8095854922279793
b19883717,1899,governance,inspector,6,12352,4.857512953367875
b19883717,1899,governance,medical officer,7,12352,5.667098445595855
b19883717,1899,governance,notices,2,12352,1.6191709844559585
b19883717,1899,governance,sanitary authority,0,12352,0.0
b19883717,1899,governance,summonses,4,12352,3.238341968911917
b19883717,1899,governance,vestry,0,12352,0.0
b19883717,1899,housing,common lodging house,3,12352,2.4287564766839376
b19883717,1899,housing,dwellings,17,12352,13.762953367875646
b19883717,1899,housing,houses,74,12352,59.909326424870464
b19883717,1899,housing,lodging house,3,12352,2.4287564766839376
b19883717,1899,housing,overcrowded,1,12352,0.8095854922279793
b19883717,1899,housing,overcrowding,3,12352,2.4287564766839376
b19883717,1899,housing,rooms,4,12352,3.238341968911917
b19883717,1899,housing,tenement,1,12352,0.8095854922279793
b19883717,1899,sanitary,dirty,6,12352,4.857512953367875
b19883717,1899,sanitary,drain,4,12352,3.238341968911917
b19883717,1899,sanitary,drainage,2,12352,1.6191709844559585
b19883717,1899,sanitary,drains,4,12352,3.238341968911917
b19883717,1899,sanitary,filth,0,12352,0.0
b19883717,1899,sanitary,nuisance,2,12352,1.6191709844559585
b19883717,1899,sanitary,nuisances,2,12352,1.6191709844559585
b19883717,1899,sanitary,refuse,1,12352,0.8095854922279793
b19883717,1899,sanitary,sanitary,13,12352,10.524611398963732
b19883717,1899,sanitary,sanitation,0,12352,0.0
b19883717,1899,sanitary,sewage,0,12352,0.0
b19883717,1899,sanitary,sewer,0,12352,0.0
b19883717,1899,sanitary,sewers,0,12352,0.0
b19883717,1899,sanitary,water supply,7,12352,5.667098445595855
