report_id,report_year,place_id,standard_name,place_type,surface_form,start,end,blocked_by_place_id,blocked_by_standard_name,blocked_by_surface_form,blocked_by_start,blocked_by_end,exclusion_reason
b19883651,1890,P013,Mile End,district/place,mile end,3186,3194,P014,Mile End New Town,mile end new town,3186,3203,overlaps_longer_retained_surface_form
b19883651,1890,P013,Mile End,district/place,mile end,3598,3606,P014,Mile End New Town,mile end new town,3598,3615,overlaps_longer_retained_surface_form
b19883651,1890,P013,Mile End,district/place,mile end,10125,10133,P014,Mile End New Town,mile end new town,10125,10142,overlaps_longer_retained_surface_form
b19883651,1890,P013,Mile End,district/place,mile end,36876,36884,P014,Mile End New Town,mile end new town,36876,36893,overlaps_longer_retained_surface_form
b19883651,1890,P013,Mile End,district/place,mile end,37380,37388,P014,Mile End New Town,mile end new town,37380,37397,overlaps_longer_retained_surface_form
b19883651,1890,P013,Mile End,district/place,mile end,37698,37706,P014,Mile End New Town,mile end new town,37698,37715,overlaps_longer_retained_surface_form
b19883651,1890,P013,Mile End,district/place,mile end,38107,38115,P014,Mile End New Town,mile end new town,38107,38124,overlaps_longer_retained_surface_form
b19883651,1890,P013,Mile End,district/place,mile end,38295,38303,P014,Mile End New Town,mile end new town,38295,38312,overlaps_longer_retained_surface_form
b19883651,1890,P013,Mile End,district/place,mile end,38653,38661,P014,Mile End New Town,mile end new town,38653,38670,overlaps_longer_retained_surface_form
b19883651,1890,P013,Mile End,district/place,mile end,39230,39238,P022,Mile End Old Town,mile end old town,39230,39247,overlaps_longer_retained_surface_form
b19883651,1890,P013,Mile End,district/place,mile end,39836,39844,P014,Mile End New Town,mile end new town,39836,39853,overlaps_longer_retained_surface_form
b19883663,1891,P013,Mile End,district/place,mile end,2242,2250,P014,Mile End New Town,mile end new town,2242,2259,overlaps_longer_retained_surface_form
b19883663,1891,P013,Mile End,district/place,mile end,2977,2985,P014,Mile End New Town,mile end new town,2977,2994,overlaps_longer_retained_surface_form
b19883663,1891,P013,Mile End,district/place,mile end,4002,4010,P014,Mile End New Town,mile end new town,4002,4019,overlaps_longer_retained_surface_form
b19883663,1891,P013,Mile End,district/place,mile end,4762,4770,P014,Mile End New Town,mile end new town,4762,4779,overlaps_longer_retained_surface_form
b19883663,1891,P013,Mile End,district/place,mile end,9195,9203,P014,Mile End New Town,mile end new town,9195,9212,overlaps_longer_retained_surface_form
b19883663,1891,P013,Mile End,district/place,mile end,12708,12716,P014,Mile End New Town,mile end new town,12708,12725,overlaps_longer_retained_surface_form
b19883663,1891,P013,Mile End,district/place,mile end,13271,13279,P014,Mile End New Town,mile end new town,13271,13288,overlaps_longer_retained_surface_form
b19883663,1891,P013,Mile End,district/place,mile end,13894,13902,P014,Mile End New Town,mile end new town,13894,13911,overlaps_longer_retained_surface_form
b19883663,1891,P013,Mile End,district/place,mile end,14268,14276,P014,Mile End New Town,mile end new town,14268,14285,overlaps_longer_retained_surface_form
b19883663,1891,P013,Mile End,district/place,mile end,52376,52384,P014,Mile End New Town,mile end new town,52376,52393,overlaps_longer_retained_surface_form
b19883663,1891,P013,Mile End,district/place,mile end,52879,52887,P014,Mile End New Town,mile end new town,52879,52896,overlaps_longer_retained_surface_form
b19883663,1891,P013,Mile End,district/place,mile end,53219,53227,P014,Mile End New Town,mile end new town,53219,53236,overlaps_longer_retained_surface_form
b19883663,1891,P013,Mile End,district/place,mile end,53574,53582,P014,Mile End New Town,mile end new town,53574,53591,overlaps_longer_retained_surface_form
b19883663,1891,P013,Mile End,district/place,mile end,53932,53940,P014,Mile End New Town,mile end new town,53932,53949,overlaps_longer_retained_surface_form
b19883663,1891,P013,Mile End,district/place,mile end,54456,54464,P022,Mile End Old Town,mile end old town,54456,54473,overlaps_longer_retained_surface_form
b19883663,1891,P013,Mile End,district/place,mile end,55332,55340,P014,Mile End New Town,mile end new town,55332,55349,overlaps_longer_retained_surface_form
b19883663,1891,P013,Mile End,district/place,mile end,71779,71787,P022,Mile End Old Town,mile end old town,71779,71796,overlaps_longer_retained_surface_form
b19883663,1891,P013,Mile End,district/place,mile end,72311,72319,P022,Mile End Old Town,mile end old town,72311,72328,overlaps_longer_retained_surface_form
b19883675,1892,P013,Mile End,district/place,mile end,2908,2916,P014,Mile End New Town,mile end new town,2908,2925,overlaps_longer_retained_surface_form
b19883675,1892,P013,Mile End,district/place,mile end,3203,3211,P014,Mile End New Town,mile end new town,3203,3220,overlaps_longer_retained_surface_form
b19883675,1892,P013,Mile End,district/place,mile end,3416,3424,P014,Mile End New Town,mile end new town,3416,3433,overlaps_longer_retained_surface_form
b19883675,1892,P013,Mile End,district/place,mile end,13415,13423,P014,Mile End New Town,mile end new town,13415,13432,overlaps_longer_retained_surface_form
b19883675,1892,P013,Mile End,district/place,mile end,24088,24096,P014,Mile End New Town,mile end new town,24088,24105,overlaps_longer_retained_surface_form
b19883675,1892,P013,Mile End,district/place,mile end,24520,24528,P014,Mile End New Town,mile end new town,24520,24537,overlaps_longer_retained_surface_form
b19883675,1892,P013,Mile End,district/place,mile end,41843,41851,P014,Mile End New Town,mile end new town,41843,41860,overlaps_longer_retained_surface_form
b19883675,1892,P013,Mile End,district/place,mile end,44019,44027,P014,Mile End New Town,mile end new town,44019,44036,overlaps_longer_retained_surface_form
b19883675,1892,P013,Mile End,district/place,mile end,45175,45183,P014,Mile End New Town,mile end new town,45175,45192,overlaps_longer_retained_surface_form
b19883675,1892,P013,Mile End,district/place,mile end,45617,45625,P014,Mile End New Town,mile end new town,45617,45634,overlaps_longer_retained_surface_form
b19883675,1892,P013,Mile End,district/place,mile end,45865,45873,P014,Mile End New Town,mile end new town,45865,45882,overlaps_longer_retained_surface_form
b19883675,1892,P013,Mile End,district/place,mile end,46208,46216,P014,Mile End New Town,mile end new town,46208,46225,overlaps_longer_retained_surface_form
b19883675,1892,P013,Mile End,district/place,mile end,46552,46560,P014,Mile End New Town,mile end new town,46552,46569,overlaps_longer_retained_surface_form
b19883675,1892,P013,Mile End,district/place,mile end,48015,48023,P014,Mile End New Town,mile end new town,48015,48032,overlaps_longer_retained_surface_form
b19883675,1892,P013,Mile End,district/place,mile end,53077,53085,P022,Mile End Old Town,mile end old town,53077,53094,overlaps_longer_retained_surface_form
b18018348,1893,P013,Mile End,district/place,mile end,2133,2141,P014,Mile End New Town,mile end new town,2133,2150,overlaps_longer_retained_surface_form
b18018348,1893,P013,Mile End,district/place,mile end,3533,3541,P014,Mile End New Town,mile end new town,3533,3550,overlaps_longer_retained_surface_form
b18018348,1893,P013,Mile End,district/place,mile end,3551,3559,P022,Mile End Old Town,mile end old town,3551,3568,overlaps_longer_retained_surface_form
b18018348,1893,P013,Mile End,district/place,mile end,5369,5377,P014,Mile End New Town,mile end new town,5369,5386,overlaps_longer_retained_surface_form
b18018348,1893,P013,Mile End,district/place,mile end,6199,6207,P014,Mile End New Town,mile end new town,6199,6216,overlaps_longer_retained_surface_form
b18018348,1893,P013,Mile End,district/place,mile end,10167,10175,P022,Mile End Old Town,mile end old town,10167,10184,overlaps_longer_retained_surface_form
b18018348,1893,P013,Mile End,district/place,mile end,10654,10662,P014,Mile End New Town,mile end new town,10654,10671,overlaps_longer_retained_surface_form
b18018348,1893,P013,Mile End,district/place,mile end,10672,10680,P014,Mile End New Town,mile end new town,10672,10689,overlaps_longer_retained_surface_form
b18018348,1893,P013,Mile End,district/place,mile end,12247,12255,P014,Mile End New Town,mile end new town,12247,12264,overlaps_longer_retained_surface_form
b18018348,1893,P013,Mile End,district/place,mile end,12394,12402,P014,Mile End New Town,mile end new town,12394,12411,overlaps_longer_retained_surface_form
b18018348,1893,P013,Mile End,district/place,mile end,14411,14419,P022,Mile End Old Town,mile end old town,14411,14428,overlaps_longer_retained_surface_form
b18018348,1893,P013,Mile End,district/place,mile end,19189,19197,P022,Mile End Old Town,mile end old town,19189,19206,overlaps_longer_retained_surface_form
b18018348,1893,P013,Mile End,district/place,mile end,21193,21201,P014,Mile End New Town,mile end new town,21193,21210,overlaps_longer_retained_surface_form
b18018348,1893,P013,Mile End,district/place,mile end,21487,21495,P014,Mile End New Town,mile end new town,21487,21504,overlaps_longer_retained_surface_form
b18018348,1893,P013,Mile End,district/place,mile end,21700,21708,P014,Mile End New Town,mile end new town,21700,21717,overlaps_longer_retained_surface_form
b18018348,1893,P013,Mile End,district/place,mile end,29128,29136,P014,Mile End New Town,mile end new town,29128,29145,overlaps_longer_retained_surface_form
b18018348,1893,P013,Mile End,district/place,mile end,30068,30076,P014,Mile End New Town,mile end new town,30068,30085,overlaps_longer_retained_surface_form
b18018348,1893,P013,Mile End,district/place,mile end,34079,34087,P014,Mile End New Town,mile end new town,34079,34096,overlaps_longer_retained_surface_form
b18018348,1893,P013,Mile End,district/place,mile end,46542,46550,P014,Mile End New Town,mile end new town,46542,46559,overlaps_longer_retained_surface_form
b18018348,1893,P013,Mile End,district/place,mile end,53635,53643,P014,Mile End New Town,mile end new town,53635,53652,overlaps_longer_retained_surface_form
b18018348,1893,P013,Mile End,district/place,mile end,54628,54636,P014,Mile End New Town,mile end new town,54628,54645,overlaps_longer_retained_surface_form
b18018348,1893,P013,Mile End,district/place,mile end,54960,54968,P014,Mile End New Town,mile end new town,54960,54977,overlaps_longer_retained_surface_form
b18018348,1893,P013,Mile End,district/place,mile end,55294,55302,P014,Mile End New Town,mile end new town,55294,55311,overlaps_longer_retained_surface_form
b18018348,1893,P013,Mile End,district/place,mile end,79760,79768,P014,Mile End New Town,mile end new town,79760,79777,overlaps_longer_retained_surface_form
b18018348,1893,P013,Mile End,district/place,mile end,80116,80124,P014,Mile End New Town,mile end new town,80116,80133,overlaps_longer_retained_surface_form
b18018348,1893,P013,Mile End,district/place,mile end,80508,80516,P014,Mile End New Town,mile end new town,80508,80525,overlaps_longer_retained_surface_form
b18018348,1893,P013,Mile End,district/place,mile end,155735,155743,P014,Mile End New Town,mile end new town,155735,155752,overlaps_longer_retained_surface_form
b18018348,1893,P013,Mile End,district/place,mile end,156576,156584,P014,Mile End New Town,mile end new town,156576,156593,overlaps_longer_retained_surface_form
b18018348,1893,P013,Mile End,district/place,mile end,157212,157220,P014,Mile End New Town,mile end new town,157212,157229,overlaps_longer_retained_surface_form
b18018348,1893,P013,Mile End,district/place,mile end,157723,157731,P014,Mile End New Town,mile end new town,157723,157740,overlaps_longer_retained_surface_form
b18018348,1893,P013,Mile End,district/place,mile end,158345,158353,P014,Mile End New Town,mile end new town,158345,158362,overlaps_longer_retained_surface_form
b1801835x,1894,P013,Mile End,district/place,mile end,3792,3800,P014,Mile End New Town,mile end new town,3792,3809,overlaps_longer_retained_surface_form
b1801835x,1894,P013,Mile End,district/place,mile end,4151,4159,P014,Mile End New Town,mile end new town,4151,4168,overlaps_longer_retained_surface_form
b1801835x,1894,P013,Mile End,district/place,mile end,5470,5478,P014,Mile End New Town,mile end new town,5470,5487,overlaps_longer_retained_surface_form
b1801835x,1894,P013,Mile End,district/place,mile end,13853,13861,P014,Mile End New Town,mile end new town,13853,13870,overlaps_longer_retained_surface_form
b1801835x,1894,P013,Mile End,district/place,mile end,14284,14292,P014,Mile End New Town,mile end new town,14284,14301,overlaps_longer_retained_surface_form
b1801835x,1894,P013,Mile End,district/place,mile end,14642,14650,P014,Mile End New Town,mile end new town,14642,14659,overlaps_longer_retained_surface_form
b1801835x,1894,P013,Mile End,district/place,mile end,17823,17831,P014,Mile End New Town,mile end new town,17823,17840,overlaps_longer_retained_surface_form
b1801835x,1894,P013,Mile End,district/place,mile end,28990,28998,P022,Mile End Old Town,mile end old town,28990,29007,overlaps_longer_retained_surface_form
b1801835x,1894,P013,Mile End,district/place,mile end,45212,45220,P014,Mile End New Town,mile end new town,45212,45229,overlaps_longer_retained_surface_form
b1801835x,1894,P013,Mile End,district/place,mile end,47435,47443,P014,Mile End New Town,mile end new town,47435,47452,overlaps_longer_retained_surface_form
b1801835x,1894,P013,Mile End,district/place,mile end,48470,48478,P014,Mile End New Town,mile end new town,48470,48487,overlaps_longer_retained_surface_form
b1801835x,1894,P013,Mile End,district/place,mile end,48822,48830,P014,Mile End New Town,mile end new town,48822,48839,overlaps_longer_retained_surface_form
b1801835x,1894,P013,Mile End,district/place,mile end,49181,49189,P014,Mile End New Town,mile end new town,49181,49198,overlaps_longer_retained_surface_form
b1801835x,1894,P013,Mile End,district/place,mile end,50832,50840,P014,Mile End New Town,mile end new town,50832,50849,overlaps_longer_retained_surface_form
b1801835x,1894,P013,Mile End,district/place,mile end,66577,66585,P014,Mile End New Town,mile end new town,66577,66594,overlaps_longer_retained_surface_form
b19883687,1895,P013,Mile End,district/place,mile end,2993,3001,P014,Mile End New Town,mile end new town,2993,3010,overlaps_longer_retained_surface_form
b19883687,1895,P013,Mile End,district/place,mile end,4705,4713,P014,Mile End New Town,mile end new town,4705,4722,overlaps_longer_retained_surface_form
b19883687,1895,P013,Mile End,district/place,mile end,38918,38926,P014,Mile End New Town,mile end new town,38918,38935,overlaps_longer_retained_surface_form
b19883687,1895,P013,Mile End,district/place,mile end,39193,39201,P014,Mile End New Town,mile end new town,39193,39210,overlaps_longer_retained_surface_form
b19883687,1895,P013,Mile End,district/place,mile end,43118,43126,P014,Mile End New Town,mile end new town,43118,43135,overlaps_longer_retained_surface_form
b19883687,1895,P013,Mile End,district/place,mile end,65397,65405,P014,Mile End New Town,mile end new town,65397,65414,overlaps_longer_retained_surface_form
b19883687,1895,P013,Mile End,district/place,mile end,72315,72323,P014,Mile End New Town,mile end new town,72315,72332,overlaps_longer_retained_surface_form
b19883687,1895,P013,Mile End,district/place,mile end,73571,73579,P014,Mile End New Town,mile end new town,73571,73588,overlaps_longer_retained_surface_form
b19883687,1895,P013,Mile End,district/place,mile end,73958,73966,P014,Mile End New Town,mile end new town,73958,73975,overlaps_longer_retained_surface_form
b19883687,1895,P013,Mile End,district/place,mile end,74324,74332,P014,Mile End New Town,mile end new town,74324,74341,overlaps_longer_retained_surface_form
b19883687,1895,P013,Mile End,district/place,mile end,76107,76115,P014,Mile End New Town,mile end new town,76107,76124,overlaps_longer_retained_surface_form
b18038244,1896,P013,Mile End,district/place,mile end,4023,4031,P014,Mile End New Town,mile end new town,4023,4040,overlaps_longer_retained_surface_form
b18038244,1896,P013,Mile End,district/place,mile end,30372,30380,P014,Mile End New Town,mile end new town,30372,30389,overlaps_longer_retained_surface_form
b18038244,1896,P013,Mile End,district/place,mile end,31125,31133,P014,Mile End New Town,mile end new town,31125,31142,overlaps_longer_retained_surface_form
b18038244,1896,P013,Mile End,district/place,mile end,32217,32225,P014,Mile End New Town,mile end new town,32217,32234,overlaps_longer_retained_surface_form
b18038244,1896,P013,Mile End,district/place,mile end,35000,35008,P014,Mile End New Town,mile end new town,35000,35017,overlaps_longer_retained_surface_form
b18038244,1896,P013,Mile End,district/place,mile end,51291,51299,P014,Mile End New Town,mile end new town,51291,51308,overlaps_longer_retained_surface_form
b18038244,1896,P013,Mile End,district/place,mile end,52022,52030,P014,Mile End New Town,mile end new town,52022,52039,overlaps_longer_retained_surface_form
b18038244,1896,P013,Mile End,district/place,mile end,52477,52485,P014,Mile End New Town,mile end new town,52477,52494,overlaps_longer_retained_surface_form
b18038244,1896,P013,Mile End,district/place,mile end,52841,52849,P014,Mile End New Town,mile end new town,52841,52858,overlaps_longer_retained_surface_form
b18038244,1896,P013,Mile End,district/place,mile end,53286,53294,P014,Mile End New Town,mile end new town,53286,53303,overlaps_longer_retained_surface_form
b18038244,1896,P013,Mile End,district/place,mile end,56501,56509,P014,Mile End New Town,mile end new town,56501,56518,overlaps_longer_retained_surface_form
b19883699,1897,P013,Mile End,district/place,mile end,13071,13079,P014,Mile End New Town,mile end new town,13071,13088,overlaps_longer_retained_surface_form
b19883699,1897,P013,Mile End,district/place,mile end,15290,15298,P022,Mile End Old Town,mile end old town,15290,15307,overlaps_longer_retained_surface_form
b19883699,1897,P013,Mile End,district/place,mile end,17728,17736,P022,Mile End Old Town,mile end old town,17728,17745,overlaps_longer_retained_surface_form
b19883699,1897,P013,Mile End,district/place,mile end,30174,30182,P014,Mile End New Town,mile end new town,30174,30191,overlaps_longer_retained_surface_form
b19883699,1897,P013,Mile End,district/place,mile end,31160,31168,P014,Mile End New Town,mile end new town,31160,31177,overlaps_longer_retained_surface_form
b19883699,1897,P013,Mile End,district/place,mile end,34898,34906,P014,Mile End New Town,mile end new town,34898,34915,overlaps_longer_retained_surface_form
b19883699,1897,P013,Mile End,district/place,mile end,42060,42068,P014,Mile End New Town,mile end new town,42060,42077,overlaps_longer_retained_surface_form
b19883699,1897,P013,Mile End,district/place,mile end,50806,50814,P014,Mile End New Town,mile end new town,50806,50823,overlaps_longer_retained_surface_form
b19883699,1897,P013,Mile End,district/place,mile end,51437,51445,P014,Mile End New Town,mile end new town,51437,51454,overlaps_longer_retained_surface_form
b19883699,1897,P013,Mile End,district/place,mile end,51818,51826,P014,Mile End New Town,mile end new town,51818,51835,overlaps_longer_retained_surface_form
b19883699,1897,P013,Mile End,district/place,mile end,52453,52461,P022,Mile End Old Town,mile end old town,52453,52470,overlaps_longer_retained_surface_form
b19883699,1897,P013,Mile End,district/place,mile end,54046,54054,P014,Mile End New Town,mile end new town,54046,54063,overlaps_longer_retained_surface_form
b19883705,1898,P013,Mile End,district/place,mile end,6126,6134,P014,Mile End New Town,mile end new town,6126,6143,overlaps_longer_retained_surface_form
b19883705,1898,P013,Mile End,district/place,mile end,6567,6575,P014,Mile End New Town,mile end new town,6567,6584,overlaps_longer_retained_surface_form
b19883705,1898,P013,Mile End,district/place,mile end,13767,13775,P014,Mile End New Town,mile end new town,13767,13784,overlaps_longer_retained_surface_form
b19883705,1898,P013,Mile End,district/place,mile end,15919,15927,P014,Mile End New Town,mile end new town,15919,15936,overlaps_longer_retained_surface_form
b19883705,1898,P013,Mile End,district/place,mile end,18166,18174,P022,Mile End Old Town,mile end old town,18166,18183,overlaps_longer_retained_surface_form
b19883705,1898,P013,Mile End,district/place,mile end,21059,21067,P014,Mile End New Town,mile end new town,21059,21076,overlaps_longer_retained_surface_form
b19883705,1898,P013,Mile End,district/place,mile end,21940,21948,P014,Mile End New Town,mile end new town,21940,21957,overlaps_longer_retained_surface_form
b19883705,1898,P013,Mile End,district/place,mile end,24164,24172,P014,Mile End New Town,mile end new town,24164,24181,overlaps_longer_retained_surface_form
b19883705,1898,P013,Mile End,district/place,mile end,33099,33107,P014,Mile End New Town,mile end new town,33099,33116,overlaps_longer_retained_surface_form
b19883705,1898,P013,Mile End,district/place,mile end,40128,40136,P014,Mile End New Town,mile end new town,40128,40145,overlaps_longer_retained_surface_form
b19883705,1898,P013,Mile End,district/place,mile end,41107,41115,P014,Mile End New Town,mile end new town,41107,41124,overlaps_longer_retained_surface_form
b19883705,1898,P013,Mile End,district/place,mile end,41726,41734,P014,Mile End New Town,mile end new town,41726,41743,overlaps_longer_retained_surface_form
b19883705,1898,P013,Mile End,district/place,mile end,42107,42115,P014,Mile End New Town,mile end new town,42107,42124,overlaps_longer_retained_surface_form
b19883705,1898,P013,Mile End,district/place,mile end,44038,44046,P014,Mile End New Town,mile end new town,44038,44055,overlaps_longer_retained_surface_form
b19883717,1899,P013,Mile End,district/place,mile end,10114,10122,P014,Mile End New Town,mile end new town,10114,10131,overlaps_longer_retained_surface_form
b19883717,1899,P013,Mile End,district/place,mile end,14264,14272,P022,Mile End Old Town,mile end old town,14264,14281,overlaps_longer_retained_surface_form
b19883717,1899,P013,Mile End,district/place,mile end,21160,21168,P014,Mile End New Town,mile end new town,21160,21177,overlaps_longer_retained_surface_form
b19883717,1899,P013,Mile End,district/place,mile end,22172,22180,P014,Mile End New Town,mile end new town,22172,22189,overlaps_longer_retained_surface_form
b19883717,1899,P013,Mile End,district/place,mile end,24642,24650,P014,Mile End New Town,mile end new town,24642,24659,overlaps_longer_retained_surface_form
b19883717,1899,P013,Mile End,district/place,mile end,53910,53918,P014,Mile End New Town,mile end new town,53910,53927,overlaps_longer_retained_surface_form
b19883717,1899,P013,Mile End,district/place,mile end,55092,55100,P014,Mile End New Town,mile end new town,55092,55109,overlaps_longer_retained_surface_form
b19883717,1899,P013,Mile End,district/place,mile end,56560,56568,P014,Mile End New Town,mile end new town,56560,56577,overlaps_longer_retained_surface_form
b19883717,1899,P013,Mile End,district/place,mile end,58855,58863,P014,Mile End New Town,mile end new town,58855,58872,overlaps_longer_retained_surface_form
b19883717,1899,P013,Mile End,district/place,mile end,61709,61717,P014,Mile End New Town,mile end new town,61709,61726,overlaps_longer_retained_surface_form
b19883717,1899,P013,Mile End,district/place,mile end,62594,62602,P014,Mile End New Town,mile end new town,62594,62611,overlaps_longer_retained_surface_form
b19883717,1899,P013,Mile End,district/place,mile end,63032,63040,P014,Mile End New Town,mile end new town,63032,63049,overlaps_longer_retained_surface_form
b19883717,1899,P013,Mile End,district/place,mile end,63255,63263,P014,Mile End New Town,mile end new town,63255,63272,overlaps_longer_retained_surface_form
b19883717,1899,P013,Mile End,district/place,mile end,63599,63607,P014,Mile End New Town,mile end new town,63599,63616,overlaps_longer_retained_surface_form
b19883717,1899,P013,Mile End,district/place,mile end,65498,65506,P014,Mile End New Town,mile end new town,65498,65515,overlaps_longer_retained_surface_form
