artifact,path,size_bytes,sha256,zip_content_sha256,match_status,notes
analytical_release_file,Whitechapel_Dissertation_Reproducibility_PUBLIC_FINAL_CITATIONFIX/.gitignore,366,1d64b908524b00bb4f4db60fa55ad41c6357a4c956b6e7d20c2ab0846a495c61,1d64b908524b00bb4f4db60fa55ad41c6357a4c956b6e7d20c2ab0846a495c61,MATCH,Folder bytes and independently read clean-ZIP member bytes match.
analytical_release_file,Whitechapel_Dissertation_Reproducibility_PUBLIC_FINAL_CITATIONFIX/LICENSE,1066,9ecf05321ee3d82098fb905232f9fdeee2326b60e46fe8fc30c68ad7d395981b,9ecf05321ee3d82098fb905232f9fdeee2326b60e46fe8fc30c68ad7d395981b,MATCH,Folder bytes and independently read clean-ZIP member bytes match.
analytical_release_file,Whitechapel_Dissertation_Reproducibility_PUBLIC_FINAL_CITATIONFIX/README.md,7345,4c8c69cfbdae7cb805cc60342dce1106d3a68a78083f5275ddaf6dea52a6d1af,446aa072c4f96ff377cb79ed977096f74b2067b5fbe2d5c0481a01efbf612711,POST_RELEASE_METADATA_UPDATE,Current main README includes the post-submission repository-scope clarification; the frozen v1.0.0 ZIP member remains unchanged.
analytical_release_file,Whitechapel_Dissertation_Reproducibility_PUBLIC_FINAL_CITATIONFIX/RIGHTS_AND_LICENSING.md,3121,781bcfa6c0862e2fc487b346257062461a83dda72f9e9723e479df391ec43782,781bcfa6c0862e2fc487b346257062461a83dda72f9e9723e479df391ec43782,MATCH,Folder bytes and independently read clean-ZIP member bytes match.
analytical_release_file,Whitechapel_Dissertation_Reproducibility_PUBLIC_FINAL_CITATIONFIX/references/bibliography_verified_FINAL.csv,19551,333e6aa8eb4fffc8b94f6c6bf3b37f1a8d26ee89341c287832a4f532511af093,333e6aa8eb4fffc8b94f6c6bf3b37f1a8d26ee89341c287832a4f532511af093,MATCH,Folder bytes and independently read clean-ZIP member bytes match.
analytical_release_file,Whitechapel_Dissertation_Reproducibility_PUBLIC_FINAL_CITATIONFIX/references/citation_bidirectional_audit_FINAL.csv,7746,f9a4fa520d7578e5151d0a38c41326a451379745aa7c8b8b7f76d2baa267b7b4,f9a4fa520d7578e5151d0a38c41326a451379745aa7c8b8b7f76d2baa267b7b4,MATCH,Folder bytes and independently read clean-ZIP member bytes match.
analytical_release_file,Whitechapel_Dissertation_Reproducibility_PUBLIC_FINAL_CITATIONFIX/references/quotation_audit_FINAL.csv,11324,3fa0c42bc52fb9f62ce8b2a6cbcf156ae246dc7394493264badb0661dbefd574,3fa0c42bc52fb9f62ce8b2a6cbcf156ae246dc7394493264badb0661dbefd574,MATCH,Folder bytes and independently read clean-ZIP member bytes match.
analytical_release_file,Whitechapel_Dissertation_Reproducibility_PUBLIC_FINAL_CITATIONFIX/references/source_urls.csv,3599,d288f8a4894de8144914e44eb749552941b9e65c9d42922cdc93b8fc6b12cad2,d288f8a4894de8144914e44eb749552941b9e65c9d42922cdc93b8fc6b12cad2,MATCH,Folder bytes and independently read clean-ZIP member bytes match.
analytical_release_file,Whitechapel_Dissertation_Reproducibility_PUBLIC_FINAL_CITATIONFIX/reproducibility/.python-version,8,aa0d6581054e6e4ff3f91839deca7a854ad37221b8784d060b42d0f847ff1a3b,aa0d6581054e6e4ff3f91839deca7a854ad37221b8784d060b42d0f847ff1a3b,MATCH,Folder bytes and independently read clean-ZIP member bytes match.
analytical_release_file,Whitechapel_Dissertation_Reproducibility_PUBLIC_FINAL_CITATIONFIX/reproducibility/README.md,4832,92594e5ead493fa4dd40b3abad1f451f42b99d32b079422f3efcc6a96c09768e,92594e5ead493fa4dd40b3abad1f451f42b99d32b079422f3efcc6a96c09768e,MATCH,Folder bytes and independently read clean-ZIP member bytes match.
analytical_release_file,Whitechapel_Dissertation_Reproducibility_PUBLIC_FINAL_CITATIONFIX/reproducibility/RUN_ORDER.md,949,e3b28059af14e63f737a7597e24d326bc1ecf85033499042294f9ac183559a56,e3b28059af14e63f737a7597e24d326bc1ecf85033499042294f9ac183559a56,MATCH,Folder bytes and independently read clean-ZIP member bytes match.
analytical_release_file,Whitechapel_Dissertation_Reproducibility_PUBLIC_FINAL_CITATIONFIX/reproducibility/analysis/chapter3/spatial_review_log.csv,20670,9bea58d98ff34c18ff8988f10a39d345a5267c48fe42c585b7126811fd2b1176,9bea58d98ff34c18ff8988f10a39d345a5267c48fe42c585b7126811fd2b1176,MATCH,Folder bytes and independently read clean-ZIP member bytes match.
analytical_release_file,Whitechapel_Dissertation_Reproducibility_PUBLIC_FINAL_CITATIONFIX/reproducibility/analysis/chapter5/Chapter5_Evidence_Table_Second_Round.xlsx,177168,9ca99bd7a982423deae450763506b4edd5cba822791db449a91498c8e18ec949,9ca99bd7a982423deae450763506b4edd5cba822791db449a91498c8e18ec949,MATCH,Folder bytes and independently read clean-ZIP member bytes match.
analytical_release_file,Whitechapel_Dissertation_Reproducibility_PUBLIC_FINAL_CITATIONFIX/reproducibility/analysis/chapter5/verification/chapter5_category_count_check.csv,166,ecc98a05a07d5cfd5f677292d50878469fdde53845012755c31130318f520116,ecc98a05a07d5cfd5f677292d50878469fdde53845012755c31130318f520116,MATCH,Folder bytes and independently read clean-ZIP member bytes match.
analytical_release_file,Whitechapel_Dissertation_Reproducibility_PUBLIC_FINAL_CITATIONFIX/reproducibility/analysis/chapter5/verification/chapter5_evidence_verification.csv,3495,1b686bd17ec966aae9232a33f77f52fd0ef790c33169eb883a034f1185bde18b,1b686bd17ec966aae9232a33f77f52fd0ef790c33169eb883a034f1185bde18b,MATCH,Folder bytes and independently read clean-ZIP member bytes match.
analytical_release_file,Whitechapel_Dissertation_Reproducibility_PUBLIC_FINAL_CITATIONFIX/reproducibility/analysis/chapter5/verification/chapter5_section_count_check.csv,525,8ce870bcfa268d619c2d3d7d0265d828a73d2ef1b7fdb5be472b768c51a3e636,8ce870bcfa268d619c2d3d7d0265d828a73d2ef1b7fdb5be472b768c51a3e636,MATCH,Folder bytes and independently read clean-ZIP member bytes match.
analytical_release_file,Whitechapel_Dissertation_Reproducibility_PUBLIC_FINAL_CITATIONFIX/reproducibility/analysis/chapter5/verification/chapter5_selection_count_check.csv,37,575cfa4dcc282db9c43457909b24fba0dd24f1b22e3998df8bf90fe5de93b3f1,575cfa4dcc282db9c43457909b24fba0dd24f1b22e3998df8bf90fe5de93b3f1,MATCH,Folder bytes and independently read clean-ZIP member bytes match.
analytical_release_file,Whitechapel_Dissertation_Reproducibility_PUBLIC_FINAL_CITATIONFIX/reproducibility/analysis/chapter5/verification/inequality_dictionary_audit_summary.csv,1504,326c0bc61d6cff9665c16ae2c9e0da6fb6f2eb4edd8da708baad1c82830cc05c,326c0bc61d6cff9665c16ae2c9e0da6fb6f2eb4edd8da708baad1c82830cc05c,MATCH,Folder bytes and independently read clean-ZIP member bytes match.
analytical_release_file,Whitechapel_Dissertation_Reproducibility_PUBLIC_FINAL_CITATIONFIX/reproducibility/analysis/chapter5/verification/inequality_dictionary_proposed_term_passages.csv,30961,f5df9ae34a5ca8c4ca53c6aca3cced32dfef7bed8c2b7ec46cca9fefe9041b30,f5df9ae34a5ca8c4ca53c6aca3cced32dfef7bed8c2b7ec46cca9fefe9041b30,MATCH,Folder bytes and independently read clean-ZIP member bytes match.
analytical_release_file,Whitechapel_Dissertation_Reproducibility_PUBLIC_FINAL_CITATIONFIX/reproducibility/analysis/technical/FINAL_DATA_FREEZE_2026-08-08.md,2147,bd9cebf5900a749763bda04399d6d10d6cdbef5982c07986dd9b211584d45ced,bd9cebf5900a749763bda04399d6d10d6cdbef5982c07986dd9b211584d45ced,MATCH,Folder bytes and independently read clean-ZIP member bytes match.
analytical_release_file,Whitechapel_Dissertation_Reproducibility_PUBLIC_FINAL_CITATIONFIX/reproducibility/analysis/technical/spatial_disease_manual_validation.csv,2496,c799031fabbb2048eaa242cfd09b20a414b76bc8a954f23b85ca0913a3d58a40,c799031fabbb2048eaa242cfd09b20a414b76bc8a954f23b85ca0913a3d58a40,MATCH,Folder bytes and independently read clean-ZIP member bytes match.
analytical_release_file,Whitechapel_Dissertation_Reproducibility_PUBLIC_FINAL_CITATIONFIX/reproducibility/audit/core_data_audit.csv,3197,a183d135d6137ce3981714aafcd0bfd4202d4c81732ce2906b68b33bd8640641,a183d135d6137ce3981714aafcd0bfd4202d4c81732ce2906b68b33bd8640641,MATCH,Folder bytes and independently read clean-ZIP member bytes match.
analytical_release_file,Whitechapel_Dissertation_Reproducibility_PUBLIC_FINAL_CITATIONFIX/reproducibility/audit/downstream_dependency_audit.csv,1929,8df86917f27216a7edae3548f5bdea917f66c6461681cfa900263ee3ae29ede3,8df86917f27216a7edae3548f5bdea917f66c6461681cfa900263ee3ae29ede3,MATCH,Folder bytes and independently read clean-ZIP member bytes match.
analytical_release_file,Whitechapel_Dissertation_Reproducibility_PUBLIC_FINAL_CITATIONFIX/reproducibility/audit/gazetteer_nested_name_audit.csv,393,4c43320028e824214b2df2da298d99309c1f134bab80341102482b8a9675b0ec,4c43320028e824214b2df2da298d99309c1f134bab80341102482b8a9675b0ec,MATCH,Folder bytes and independently read clean-ZIP member bytes match.
analytical_release_file,Whitechapel_Dissertation_Reproducibility_PUBLIC_FINAL_CITATIONFIX/reproducibility/audit/logs/full_clean_rerun.log,13051,4d6e6d7d948727b0a849d74bd7010a590f2f7c11b40a490ddeeac44f26a40ef3,4d6e6d7d948727b0a849d74bd7010a590f2f7c11b40a490ddeeac44f26a40ef3,MATCH,Folder bytes and independently read clean-ZIP member bytes match.
analytical_release_file,Whitechapel_Dissertation_Reproducibility_PUBLIC_FINAL_CITATIONFIX/reproducibility/audit/nmf_numeric_diagnostics.csv,501,f8b9728cfe7ce109694c053c70a002c37f9de112faff4628b9b74dd1cbf68ba6,f8b9728cfe7ce109694c053c70a002c37f9de112faff4628b9b74dd1cbf68ba6,MATCH,Folder bytes and independently read clean-ZIP member bytes match.
analytical_release_file,Whitechapel_Dissertation_Reproducibility_PUBLIC_FINAL_CITATIONFIX/reproducibility/audit/nmf_platform_comparison_v4.csv,1588,0bdc6c37834dbb8565d5c86aa4b3eeadb73e36595fe7420822d2a23d151675f9,0bdc6c37834dbb8565d5c86aa4b3eeadb73e36595fe7420822d2a23d151675f9,MATCH,Folder bytes and independently read clean-ZIP member bytes match.
analytical_release_file,Whitechapel_Dissertation_Reproducibility_PUBLIC_FINAL_CITATIONFIX/reproducibility/audit/nmf_primary_invariants.csv,1066,3e86b8369b884ec071408f770417e04e4c45745632428edde411de9789781e0b,3e86b8369b884ec071408f770417e04e4c45745632428edde411de9789781e0b,MATCH,Folder bytes and independently read clean-ZIP member bytes match.
analytical_release_file,Whitechapel_Dissertation_Reproducibility_PUBLIC_FINAL_CITATIONFIX/reproducibility/audit/nmf_random_sensitivity_by_primary_component.csv,4363,6937340762dd64db6dac3138faffddbbb1ef2310d3e4c25fd4a90d128d6d379e,6937340762dd64db6dac3138faffddbbb1ef2310d3e4c25fd4a90d128d6d379e,MATCH,Folder bytes and independently read clean-ZIP member bytes match.
analytical_release_file,Whitechapel_Dissertation_Reproducibility_PUBLIC_FINAL_CITATIONFIX/reproducibility/audit/p2_whitechapel_high_street_gate.json,2159,c3308a90fdf5a82ddfd5ffab62bd87a73faa3ac0da6985f2dfcc5e2ec662fc89,c3308a90fdf5a82ddfd5ffab62bd87a73faa3ac0da6985f2dfcc5e2ec662fc89,MATCH,Folder bytes and independently read clean-ZIP member bytes match.
analytical_release_file,Whitechapel_Dissertation_Reproducibility_PUBLIC_FINAL_CITATIONFIX/reproducibility/audit/place_matcher_unit_tests.csv,577,4e3117347388a4708f23cf74cdd096b90f529e22c31109716ed950cc3ce1918f,4e3117347388a4708f23cf74cdd096b90f529e22c31109716ed950cc3ce1918f,MATCH,Folder bytes and independently read clean-ZIP member bytes match.
analytical_release_file,Whitechapel_Dissertation_Reproducibility_PUBLIC_FINAL_CITATIONFIX/reproducibility/audit/random_sensitivity_decoupling_test.json,436,6a046ff3caaf87ae110cf3b579ec17155191507f08b580e20593bfb28e97ad99,6a046ff3caaf87ae110cf3b579ec17155191507f08b580e20593bfb28e97ad99,MATCH,Folder bytes and independently read clean-ZIP member bytes match.
analytical_release_file,Whitechapel_Dissertation_Reproducibility_PUBLIC_FINAL_CITATIONFIX/reproducibility/audit/rerun/full_clean_rerun_status.json,14482,fa81f2657547248ba809a5bca58d838f3880381b0bf18ee24aee546708818298,fa81f2657547248ba809a5bca58d838f3880381b0bf18ee24aee546708818298,MATCH,Folder bytes and independently read clean-ZIP member bytes match.
analytical_release_file,Whitechapel_Dissertation_Reproducibility_PUBLIC_FINAL_CITATIONFIX/reproducibility/audit/rerun/map_inputs_and_outputs_audit.json,15222,4138ece47bfa61c39e1177d79cbefbbf432deb75931df06a823a18d6942bf2bd,4138ece47bfa61c39e1177d79cbefbbf432deb75931df06a823a18d6942bf2bd,MATCH,Folder bytes and independently read clean-ZIP member bytes match.
analytical_release_file,Whitechapel_Dissertation_Reproducibility_PUBLIC_FINAL_CITATIONFIX/reproducibility/data/gazetteer/whitechapel_places_gazetteer.csv,766,0faa19385eed906dc07039d66c884e3c7c7ab09a315dc88ff3b56c41d9fe7fd6,0faa19385eed906dc07039d66c884e3c7c7ab09a315dc88ff3b56c41d9fe7fd6,MATCH,Folder bytes and independently read clean-ZIP member bytes match.
analytical_release_file,Whitechapel_Dissertation_Reproducibility_PUBLIC_FINAL_CITATIONFIX/reproducibility/data/metadata/booth_sheet63_iiif_manifest.json,3821,0c69a3cc5cefe400751d76c3bdafb0ab1f5787acec853a354b795e801fe88b70,0c69a3cc5cefe400751d76c3bdafb0ab1f5787acec853a354b795e801fe88b70,MATCH,Folder bytes and independently read clean-ZIP member bytes match.
analytical_release_file,Whitechapel_Dissertation_Reproducibility_PUBLIC_FINAL_CITATIONFIX/reproducibility/data/metadata/booth_sheet63_metadata.csv,880,a14e08f981eff116d2a5a1b20e3b73a5c24bc376df5746a7bde725ab59f7f0ed,a14e08f981eff116d2a5a1b20e3b73a5c24bc376df5746a7bde725ab59f7f0ed,MATCH,Folder bytes and independently read clean-ZIP member bytes match.
analytical_release_file,Whitechapel_Dissertation_Reproducibility_PUBLIC_FINAL_CITATIONFIX/reproducibility/data/metadata/keyword_lexical_normalisation.csv,1718,808a7d1cb1e265d53a1a105c742d3b8bbd7b6802a0c8713bba433f2e409e9542,808a7d1cb1e265d53a1a105c742d3b8bbd7b6802a0c8713bba433f2e409e9542,MATCH,Folder bytes and independently read clean-ZIP member bytes match.
analytical_release_file,Whitechapel_Dissertation_Reproducibility_PUBLIC_FINAL_CITATIONFIX/reproducibility/data/metadata/moh_reports_metadata.csv,3717,ba00e22eda2f74e638127930651ce725dd41d65299728be00838992fb2df9703,ba00e22eda2f74e638127930651ce725dd41d65299728be00838992fb2df9703,MATCH,Folder bytes and independently read clean-ZIP member bytes match.
analytical_release_file,Whitechapel_Dissertation_Reproducibility_PUBLIC_FINAL_CITATIONFIX/reproducibility/data/metadata/narrative_classification_overrides.csv,728,f205776979ef19b01a61109b90f9288226c59c11ba3d8365d30c586f44af5e7b,f205776979ef19b01a61109b90f9288226c59c11ba3d8365d30c586f44af5e7b,MATCH,Folder bytes and independently read clean-ZIP member bytes match.
analytical_release_file,Whitechapel_Dissertation_Reproducibility_PUBLIC_FINAL_CITATIONFIX/reproducibility/data/metadata/topic_model_exclusions.csv,546,612fe990d44191d5e1ea68053ed2f162b5a9eb89123ea37a3c0095f006616ffa,612fe990d44191d5e1ea68053ed2f162b5a9eb89123ea37a3c0095f006616ffa,MATCH,Folder bytes and independently read clean-ZIP member bytes match.
analytical_release_file,Whitechapel_Dissertation_Reproducibility_PUBLIC_FINAL_CITATIONFIX/reproducibility/data/raw/moh/Whitechapel_1890_b19883651_fulltext.txt,66285,a89ba5781acca1e764abe5c0418a1479129d38136c31cecc1bbb8c4e90656272,a89ba5781acca1e764abe5c0418a1479129d38136c31cecc1bbb8c4e90656272,MATCH,Folder bytes and independently read clean-ZIP member bytes match.
analytical_release_file,Whitechapel_Dissertation_Reproducibility_PUBLIC_FINAL_CITATIONFIX/reproducibility/data/raw/moh/Whitechapel_1891_b19883663_fulltext.txt,84599,358dd7fb5ca4cb68d6d5ccc1303b0859932a15824b5bdd99535fc106550b01be,358dd7fb5ca4cb68d6d5ccc1303b0859932a15824b5bdd99535fc106550b01be,MATCH,Folder bytes and independently read clean-ZIP member bytes match.
analytical_release_file,Whitechapel_Dissertation_Reproducibility_PUBLIC_FINAL_CITATIONFIX/reproducibility/data/raw/moh/Whitechapel_1892_b19883675_fulltext.txt,79413,c061c19b5ea5f07e51cae3773dd14074661670d988468d450acf196c6a5949dd,c061c19b5ea5f07e51cae3773dd14074661670d988468d450acf196c6a5949dd,MATCH,Folder bytes and independently read clean-ZIP member bytes match.
analytical_release_file,Whitechapel_Dissertation_Reproducibility_PUBLIC_FINAL_CITATIONFIX/reproducibility/data/raw/moh/Whitechapel_1893_b18018348_fulltext.txt,180914,de098a72ac0f544a0fe331a677969749fcde33869bee9b7bc4f50d33a6b3a112,de098a72ac0f544a0fe331a677969749fcde33869bee9b7bc4f50d33a6b3a112,MATCH,Folder bytes and independently read clean-ZIP member bytes match.
analytical_release_file,Whitechapel_Dissertation_Reproducibility_PUBLIC_FINAL_CITATIONFIX/reproducibility/data/raw/moh/Whitechapel_1894_b1801835x_fulltext.txt,92916,f146888c54b55e52835fbeb3d412af92dcd6497ffdc7a4ae8f3fd38021626780,f146888c54b55e52835fbeb3d412af92dcd6497ffdc7a4ae8f3fd38021626780,MATCH,Folder bytes and independently read clean-ZIP member bytes match.
analytical_release_file,Whitechapel_Dissertation_Reproducibility_PUBLIC_FINAL_CITATIONFIX/reproducibility/data/raw/moh/Whitechapel_1895_b19883687_fulltext.txt,119391,bdd58c200b2d4f1fb8911242c557412988cd8ec8f08f83d656cabbfc3ebd6176,bdd58c200b2d4f1fb8911242c557412988cd8ec8f08f83d656cabbfc3ebd6176,MATCH,Folder bytes and independently read clean-ZIP member bytes match.
analytical_release_file,Whitechapel_Dissertation_Reproducibility_PUBLIC_FINAL_CITATIONFIX/reproducibility/data/raw/moh/Whitechapel_1896_b18038244_fulltext.txt,98894,ed428b9930125a655a348d18a1f35e387c1b9f89064dface0287b3e39d3c288f,ed428b9930125a655a348d18a1f35e387c1b9f89064dface0287b3e39d3c288f,MATCH,Folder bytes and independently read clean-ZIP member bytes match.
analytical_release_file,Whitechapel_Dissertation_Reproducibility_PUBLIC_FINAL_CITATIONFIX/reproducibility/data/raw/moh/Whitechapel_1897_b19883699_fulltext.txt,94308,393253ef65a7ff609d3e963de9abe9eebf1bd324b158d22efdb60d7f2dfdb345,393253ef65a7ff609d3e963de9abe9eebf1bd324b158d22efdb60d7f2dfdb345,MATCH,Folder bytes and independently read clean-ZIP member bytes match.
analytical_release_file,Whitechapel_Dissertation_Reproducibility_PUBLIC_FINAL_CITATIONFIX/reproducibility/data/raw/moh/Whitechapel_1898_b19883705_fulltext.txt,83273,ad373821513e1f5b9bccf9de20c3e16a15f6444e13ac7a256a912b0b2f000917,ad373821513e1f5b9bccf9de20c3e16a15f6444e13ac7a256a912b0b2f000917,MATCH,Folder bytes and independently read clean-ZIP member bytes match.
analytical_release_file,Whitechapel_Dissertation_Reproducibility_PUBLIC_FINAL_CITATIONFIX/reproducibility/data/raw/moh/Whitechapel_1899_b19883717_fulltext.txt,101262,bd9a2bb6d45bdc7913b8c7aeaa52a8090c720339a86717515f04a1b95d989972,bd9a2bb6d45bdc7913b8c7aeaa52a8090c720339a86717515f04a1b95d989972,MATCH,Folder bytes and independently read clean-ZIP member bytes match.
analytical_release_file,Whitechapel_Dissertation_Reproducibility_PUBLIC_FINAL_CITATIONFIX/reproducibility/environment.txt,959,4d96bbd6fd839f1cc70e87111b423c45a3c9a2b9041701feec56bcccd5a74700,4d96bbd6fd839f1cc70e87111b423c45a3c9a2b9041701feec56bcccd5a74700,MATCH,Folder bytes and independently read clean-ZIP member bytes match.
analytical_release_file,Whitechapel_Dissertation_Reproducibility_PUBLIC_FINAL_CITATIONFIX/reproducibility/maps/background_map/Booth_Sheet63_Whitechapel_1898_1899.jpg,23964682,b8d196ab3a2a13d66aef13b51d2f26267c7fc3daf51f3f1423554696cc265696,b8d196ab3a2a13d66aef13b51d2f26267c7fc3daf51f3f1423554696cc265696,MATCH,Folder bytes and independently read clean-ZIP member bytes match.
analytical_release_file,Whitechapel_Dissertation_Reproducibility_PUBLIC_FINAL_CITATIONFIX/reproducibility/maps/coordinate_audit/coordinate_audit.xlsx,14847,6eda94ede43400b8ab09eb6d67c37492803039eb0478073f3d7d2233fb3b09f9,6eda94ede43400b8ab09eb6d67c37492803039eb0478073f3d7d2233fb3b09f9,MATCH,Folder bytes and independently read clean-ZIP member bytes match.
analytical_release_file,Whitechapel_Dissertation_Reproducibility_PUBLIC_FINAL_CITATIONFIX/reproducibility/maps/coordinate_audit/evidence_hanbury_178.png,3957498,77548c6bd998115ba0c78a64baad8531fcd715b723ec645605caaafd72a390d6,77548c6bd998115ba0c78a64baad8531fcd715b723ec645605caaafd72a390d6,MATCH,Folder bytes and independently read clean-ZIP member bytes match.
analytical_release_file,Whitechapel_Dissertation_Reproducibility_PUBLIC_FINAL_CITATIONFIX/reproducibility/maps/coordinate_audit/place_coordinate_audit.csv,7774,4094dc5a8112ad2bed34897be63a25c09fad07b3e83fd7bd57588c6f81c57bf9,4094dc5a8112ad2bed34897be63a25c09fad07b3e83fd7bd57588c6f81c57bf9,MATCH,Folder bytes and independently read clean-ZIP member bytes match.
analytical_release_file,Whitechapel_Dissertation_Reproducibility_PUBLIC_FINAL_CITATIONFIX/reproducibility/maps/coordinate_audit/workplace_coordinate_audit.csv,12524,75dd2c521babcbc1fd804558fda6585176be3092b596b5621db5de4c1ac00e4b,75dd2c521babcbc1fd804558fda6585176be3092b596b5621db5de4c1ac00e4b,MATCH,Folder bytes and independently read clean-ZIP member bytes match.
analytical_release_file,Whitechapel_Dissertation_Reproducibility_PUBLIC_FINAL_CITATIONFIX/reproducibility/maps/coordinates/out_of_sheet_place_references.csv,454,80f29b71db9f18c24c6b9e13364cdc83c955327449be4aa2ee0568869289b6dc,80f29b71db9f18c24c6b9e13364cdc83c955327449be4aa2ee0568869289b6dc,MATCH,Folder bytes and independently read clean-ZIP member bytes match.
analytical_release_file,Whitechapel_Dissertation_Reproducibility_PUBLIC_FINAL_CITATIONFIX/reproducibility/maps/coordinates/place_map_points_verified.csv,6405,7518045237eacbb800cd4a1520e2fabdaab4e4779ab77f6837dee37a01f8908d,7518045237eacbb800cd4a1520e2fabdaab4e4779ab77f6837dee37a01f8908d,MATCH,Folder bytes and independently read clean-ZIP member bytes match.
analytical_release_file,Whitechapel_Dissertation_Reproducibility_PUBLIC_FINAL_CITATIONFIX/reproducibility/maps/coordinates/workplace_map_points_verified.csv,9685,011df6eaa4533a483be4fa4934753b40e876be9abc018d790efa3634c53c8cf6,011df6eaa4533a483be4fa4934753b40e876be9abc018d790efa3634c53c8cf6,MATCH,Folder bytes and independently read clean-ZIP member bytes match.
analytical_release_file,Whitechapel_Dissertation_Reproducibility_PUBLIC_FINAL_CITATIONFIX/reproducibility/notebooks/whitechapel_maps_step_by_step.ipynb,5734,4264b38ed0c0a4747eff5cd733adc0ef3c4c7c468cc55cfcf194c604bd014f54,4264b38ed0c0a4747eff5cd733adc0ef3c4c7c468cc55cfcf194c604bd014f54,MATCH,Folder bytes and independently read clean-ZIP member bytes match.
analytical_release_file,Whitechapel_Dissertation_Reproducibility_PUBLIC_FINAL_CITATIONFIX/reproducibility/notebooks/whitechapel_maps_step_by_step_executed.ipynb,4589895,095062a5272155184b5ceca78b77002121fe7c945d24c6c21fe384916c8b4b02,095062a5272155184b5ceca78b77002121fe7c945d24c6c21fe384916c8b4b02,MATCH,Folder bytes and independently read clean-ZIP member bytes match.
analytical_release_file,Whitechapel_Dissertation_Reproducibility_PUBLIC_FINAL_CITATIONFIX/reproducibility/outputs/appendices/Appendix_A_Controlled_Keyword_Dictionary.docx,41297,6bd2787972201c9aae742641041bc9afb4c53a2e89349217e9fab271ce70bc6f,6bd2787972201c9aae742641041bc9afb4c53a2e89349217e9fab271ce70bc6f,MATCH,Folder bytes and independently read clean-ZIP member bytes match.
analytical_release_file,Whitechapel_Dissertation_Reproducibility_PUBLIC_FINAL_CITATIONFIX/reproducibility/outputs/audit/nmf_component_assignment.csv,1417,23dab4e282a38baa3b927b92bcb7e5394ffc291a9d97e69793a99f05a258b144,23dab4e282a38baa3b927b92bcb7e5394ffc291a9d97e69793a99f05a258b144,MATCH,Folder bytes and independently read clean-ZIP member bytes match.
analytical_release_file,Whitechapel_Dissertation_Reproducibility_PUBLIC_FINAL_CITATIONFIX/reproducibility/outputs/audit/nmf_random_sensitivity_by_primary_component.csv,4363,6937340762dd64db6dac3138faffddbbb1ef2310d3e4c25fd4a90d128d6d379e,6937340762dd64db6dac3138faffddbbb1ef2310d3e4c25fd4a90d128d6d379e,MATCH,Folder bytes and independently read clean-ZIP member bytes match.
analytical_release_file,Whitechapel_Dissertation_Reproducibility_PUBLIC_FINAL_CITATIONFIX/reproducibility/outputs/figures/figure_01_corpus_workflow.png,98148,9f7b5610b165c5d40facc094a5aadf78db3ce200ef1d1766e3d2dbce4ea0403e,9f7b5610b165c5d40facc094a5aadf78db3ce200ef1d1766e3d2dbce4ea0403e,MATCH,Folder bytes and independently read clean-ZIP member bytes match.
analytical_release_file,Whitechapel_Dissertation_Reproducibility_PUBLIC_FINAL_CITATIONFIX/reproducibility/outputs/figures/figure_02_theme_distribution.png,55970,03c699dc8a10f0a2222b6ca79ba7c27882c019e11e5be1b42186d2c19b49c629,03c699dc8a10f0a2222b6ca79ba7c27882c019e11e5be1b42186d2c19b49c629,MATCH,Folder bytes and independently read clean-ZIP member bytes match.
analytical_release_file,Whitechapel_Dissertation_Reproducibility_PUBLIC_FINAL_CITATIONFIX/reproducibility/outputs/figures/figure_03_by_year_heatmap.png,165214,9eb726edf6081b6991ac7a194678359dd323f14f613df3e63df7e7db326b07a6,9eb726edf6081b6991ac7a194678359dd323f14f613df3e63df7e7db326b07a6,MATCH,Folder bytes and independently read clean-ZIP member bytes match.
analytical_release_file,Whitechapel_Dissertation_Reproducibility_PUBLIC_FINAL_CITATIONFIX/reproducibility/outputs/figures/figure_04_nmf_primary_topics_by_year.png,144421,268a0cc11c21300c592361aee504502e5184641d15fe015faf64d47a87f5660b,268a0cc11c21300c592361aee504502e5184641d15fe015faf64d47a87f5660b,MATCH,Folder bytes and independently read clean-ZIP member bytes match.
analytical_release_file,Whitechapel_Dissertation_Reproducibility_PUBLIC_FINAL_CITATIONFIX/reproducibility/outputs/figures/figure_05_workplace_enforcement_map.pdf,1864677,c2223f1f172901962c2f6a86a326503d9a6bb32b04a7bd6c298d9ef6f929c867,c2223f1f172901962c2f6a86a326503d9a6bb32b04a7bd6c298d9ef6f929c867,MATCH,Folder bytes and independently read clean-ZIP member bytes match.
analytical_release_file,Whitechapel_Dissertation_Reproducibility_PUBLIC_FINAL_CITATIONFIX/reproducibility/outputs/figures/figure_05_workplace_enforcement_map.png,17318413,76dea8067f73103dd610552303c1e9f15b790f9010464a84369b0f7a76454c0a,76dea8067f73103dd610552303c1e9f15b790f9010464a84369b0f7a76454c0a,MATCH,Folder bytes and independently read clean-ZIP member bytes match.
analytical_release_file,Whitechapel_Dissertation_Reproducibility_PUBLIC_FINAL_CITATIONFIX/reproducibility/outputs/figures/figure_06_spatial_disease_validation.png,61372,92fcb32d54b2baf96abdfbb58a70abdac51ad7e4768461c064b382596c157026,92fcb32d54b2baf96abdfbb58a70abdac51ad7e4768461c064b382596c157026,MATCH,Folder bytes and independently read clean-ZIP member bytes match.
analytical_release_file,Whitechapel_Dissertation_Reproducibility_PUBLIC_FINAL_CITATIONFIX/reproducibility/outputs/figures/figure_07_source_validated_places_map.pdf,1746838,a2d7be4893d29180dc942aae4277e8b4cbdd13207f089b590eb41b1a31ffe7e3,a2d7be4893d29180dc942aae4277e8b4cbdd13207f089b590eb41b1a31ffe7e3,MATCH,Folder bytes and independently read clean-ZIP member bytes match.
analytical_release_file,Whitechapel_Dissertation_Reproducibility_PUBLIC_FINAL_CITATIONFIX/reproducibility/outputs/figures/figure_07_source_validated_places_map.png,16748204,c7ebec86190d13eb9ff3b84d0e3eeef5ee7b1db990b8b85657226eb212228ce0,c7ebec86190d13eb9ff3b84d0e3eeef5ee7b1db990b8b85657226eb212228ce0,MATCH,Folder bytes and independently read clean-ZIP member bytes match.
analytical_release_file,Whitechapel_Dissertation_Reproducibility_PUBLIC_FINAL_CITATIONFIX/reproducibility/outputs/tables/chapter3/chapter3_figure_manifest.json,818,460dcd0b676b21afb5027ad03709cdaf5088946856a3f34c9c2549ba2c454f63,460dcd0b676b21afb5027ad03709cdaf5088946856a3f34c9c2549ba2c454f63,MATCH,Folder bytes and independently read clean-ZIP member bytes match.
analytical_release_file,Whitechapel_Dissertation_Reproducibility_PUBLIC_FINAL_CITATIONFIX/reproducibility/outputs/tables/chapter3/fig1_corpus_workflow_data.csv,158,b2fd316ce609ab286f30cf84c480fdd76bfd3e2effa640630c26a6ee39b8d57a,b2fd316ce609ab286f30cf84c480fdd76bfd3e2effa640630c26a6ee39b8d57a,MATCH,Folder bytes and independently read clean-ZIP member bytes match.
analytical_release_file,Whitechapel_Dissertation_Reproducibility_PUBLIC_FINAL_CITATIONFIX/reproducibility/outputs/tables/chapter3/fig2_theme_distribution_data.csv,92,4fabbbc6009a02a1eed577a3883c5b5d5555f5a00d8404bd6f386bbf523f8e46,4fabbbc6009a02a1eed577a3883c5b5d5555f5a00d8404bd6f386bbf523f8e46,MATCH,Folder bytes and independently read clean-ZIP member bytes match.
analytical_release_file,Whitechapel_Dissertation_Reproducibility_PUBLIC_FINAL_CITATIONFIX/reproducibility/outputs/tables/chapter3/fig3_by_year_heatmap_data.csv,2081,722dc7ba47a7232361037de7c50e578c4fe1a6ea8db7dfc68fde3be1043c76fc,722dc7ba47a7232361037de7c50e578c4fe1a6ea8db7dfc68fde3be1043c76fc,MATCH,Folder bytes and independently read clean-ZIP member bytes match.
analytical_release_file,Whitechapel_Dissertation_Reproducibility_PUBLIC_FINAL_CITATIONFIX/reproducibility/outputs/tables/moh_close_reading_candidates.csv,1006869,e9173a3dd987da007766622e3ce227852614a2d6c2d15c02feeaa288bd188561,e9173a3dd987da007766622e3ce227852614a2d6c2d15c02feeaa288bd188561,MATCH,Folder bytes and independently read clean-ZIP member bytes match.
analytical_release_file,Whitechapel_Dissertation_Reproducibility_PUBLIC_FINAL_CITATIONFIX/reproducibility/outputs/tables/moh_corpus_clean.csv,1921730,aeb34d5c6ed6cee5b90e66c682b4dd4bf4b0597d7e2cf39d0bdf5faf8ac5915c,aeb34d5c6ed6cee5b90e66c682b4dd4bf4b0597d7e2cf39d0bdf5faf8ac5915c,MATCH,Folder bytes and independently read clean-ZIP member bytes match.
analytical_release_file,Whitechapel_Dissertation_Reproducibility_PUBLIC_FINAL_CITATIONFIX/reproducibility/outputs/tables/moh_keyword_counts_by_year.csv,23981,bf9f9aca855f3b275ac78343a62cb92c71493460cfc5024dfab6c4b41c84e4f1,bf9f9aca855f3b275ac78343a62cb92c71493460cfc5024dfab6c4b41c84e4f1,MATCH,Folder bytes and independently read clean-ZIP member bytes match.
analytical_release_file,Whitechapel_Dissertation_Reproducibility_PUBLIC_FINAL_CITATIONFIX/reproducibility/outputs/tables/moh_keyword_counts_summary.csv,2039,d5511fcc24558238c31cd6d270906b66bea6025954d5ea40901851c3f08a0a14,d5511fcc24558238c31cd6d270906b66bea6025954d5ea40901851c3f08a0a14,MATCH,Folder bytes and independently read clean-ZIP member bytes match.
analytical_release_file,Whitechapel_Dissertation_Reproducibility_PUBLIC_FINAL_CITATIONFIX/reproducibility/outputs/tables/moh_narrative_keyword_counts.csv,23692,48aaa1c5652b3dd871f44867cb6abe1ab7747acf6e425c1c3bcd633fb5e7b825,48aaa1c5652b3dd871f44867cb6abe1ab7747acf6e425c1c3bcd633fb5e7b825,MATCH,Folder bytes and independently read clean-ZIP member bytes match.
analytical_release_file,Whitechapel_Dissertation_Reproducibility_PUBLIC_FINAL_CITATIONFIX/reproducibility/outputs/tables/moh_narrative_keyword_summary.csv,2616,26d2b90d062f06b7fe92e1e40ad3e90d3bf57750ad18683eac26467789886b69,26d2b90d062f06b7fe92e1e40ad3e90d3bf57750ad18683eac26467789886b69,MATCH,Folder bytes and independently read clean-ZIP member bytes match.
analytical_release_file,Whitechapel_Dissertation_Reproducibility_PUBLIC_FINAL_CITATIONFIX/reproducibility/outputs/tables/moh_narrative_passages.csv,1146721,bceef088631b235fe29ded53df319b9eb82999055ba880bd24f3847dccf58774,bceef088631b235fe29ded53df319b9eb82999055ba880bd24f3847dccf58774,MATCH,Folder bytes and independently read clean-ZIP member bytes match.
analytical_release_file,Whitechapel_Dissertation_Reproducibility_PUBLIC_FINAL_CITATIONFIX/reproducibility/outputs/tables/moh_place_accepted_spans.csv,68550,b4cee2046af4355d00f82d199f0542de7373062996cb6e1de779c94eb8de43f8,b4cee2046af4355d00f82d199f0542de7373062996cb6e1de779c94eb8de43f8,MATCH,Folder bytes and independently read clean-ZIP member bytes match.
analytical_release_file,Whitechapel_Dissertation_Reproducibility_PUBLIC_FINAL_CITATIONFIX/reproducibility/outputs/tables/moh_place_excluded_nested_spans.csv,23993,81ef8572ec47b3fbb6987a251843aa88f4f18fe9efb753394f296faebaf60b49,81ef8572ec47b3fbb6987a251843aa88f4f18fe9efb753394f296faebaf60b49,MATCH,Folder bytes and independently read clean-ZIP member bytes match.
analytical_release_file,Whitechapel_Dissertation_Reproducibility_PUBLIC_FINAL_CITATIONFIX/reproducibility/outputs/tables/moh_place_mentions_by_year.csv,13481,f497044223504bbb52de720cc60fc971065f6861f987e7f056463ac66b50bee8,f497044223504bbb52de720cc60fc971065f6861f987e7f056463ac66b50bee8,MATCH,Folder bytes and independently read clean-ZIP member bytes match.
analytical_release_file,Whitechapel_Dissertation_Reproducibility_PUBLIC_FINAL_CITATIONFIX/reproducibility/outputs/tables/moh_place_mentions_summary.csv,862,1d0fbc40913c314bff8a794e033da218a10b600cb8467230435c3afca4650766,1d0fbc40913c314bff8a794e033da218a10b600cb8467230435c3afca4650766,MATCH,Folder bytes and independently read clean-ZIP member bytes match.
analytical_release_file,Whitechapel_Dissertation_Reproducibility_PUBLIC_FINAL_CITATIONFIX/reproducibility/outputs/tables/moh_place_term_cooccurrence.csv,40888,0fb7df0886286f00560bc9cb66942fa379fe5cb4492eac7897b835d09f4cc380,0fb7df0886286f00560bc9cb66942fa379fe5cb4492eac7897b835d09f4cc380,MATCH,Folder bytes and independently read clean-ZIP member bytes match.
analytical_release_file,Whitechapel_Dissertation_Reproducibility_PUBLIC_FINAL_CITATIONFIX/reproducibility/outputs/tables/moh_quality_check.csv,1757,8126ba91e773d1f036501beed38858b7e6ad02842113eb853af0c48435dc24f1,8126ba91e773d1f036501beed38858b7e6ad02842113eb853af0c48435dc24f1,MATCH,Folder bytes and independently read clean-ZIP member bytes match.
analytical_release_file,Whitechapel_Dissertation_Reproducibility_PUBLIC_FINAL_CITATIONFIX/reproducibility/outputs/tables/moh_spatial_reference_candidates.csv,51626,970522b0283a1f3fe6be6fd4c05c865f9912212440cb7588a5e7f8bb7f684abd,970522b0283a1f3fe6be6fd4c05c865f9912212440cb7588a5e7f8bb7f684abd,MATCH,Folder bytes and independently read clean-ZIP member bytes match.
analytical_release_file,Whitechapel_Dissertation_Reproducibility_PUBLIC_FINAL_CITATIONFIX/reproducibility/outputs/tables/moh_top_place_term_pairs.csv,8863,63eec230dcd6c3515c18fd1f382f78030b88e91a3c5a8cdd67b73875f2286c7a,63eec230dcd6c3515c18fd1f382f78030b88e91a3c5a8cdd67b73875f2286c7a,MATCH,Folder bytes and independently read clean-ZIP member bytes match.
analytical_release_file,Whitechapel_Dissertation_Reproducibility_PUBLIC_FINAL_CITATIONFIX/reproducibility/outputs/tables/moh_top_place_term_pairs_contexts.csv,179114,5827b5403cfb61d0705b2479ca3a0199e6f6d04612fac56a742922b9e51e6de2,5827b5403cfb61d0705b2479ca3a0199e6f6d04612fac56a742922b9e51e6de2,MATCH,Folder bytes and independently read clean-ZIP member bytes match.
analytical_release_file,Whitechapel_Dissertation_Reproducibility_PUBLIC_FINAL_CITATIONFIX/reproducibility/outputs/tables/technical/inequality_marker_sensitivity_by_year.csv,515,0c33b1ad960c83970e0d0ed1ae3c14f815040b0375f53872a6d882e72f97da5a,0c33b1ad960c83970e0d0ed1ae3c14f815040b0375f53872a6d882e72f97da5a,MATCH,Folder bytes and independently read clean-ZIP member bytes match.
analytical_release_file,Whitechapel_Dissertation_Reproducibility_PUBLIC_FINAL_CITATIONFIX/reproducibility/outputs/tables/technical/inequality_marker_sensitivity_summary.csv,85,3d63eddbe8921e8fba6d5101aed8724f8e7879ab9a58f6e450202742ba06d8a6,3d63eddbe8921e8fba6d5101aed8724f8e7879ab9a58f6e450202742ba06d8a6,MATCH,Folder bytes and independently read clean-ZIP member bytes match.
analytical_release_file,Whitechapel_Dissertation_Reproducibility_PUBLIC_FINAL_CITATIONFIX/reproducibility/outputs/tables/technical/lda_pairwise_stability_k4.csv,1075,d71709160ba33ee727ce64f954b9cb9d15f023e67eae48ec562805bc1f13e964,d71709160ba33ee727ce64f954b9cb9d15f023e67eae48ec562805bc1f13e964,MATCH,Folder bytes and independently read clean-ZIP member bytes match.
analytical_release_file,Whitechapel_Dissertation_Reproducibility_PUBLIC_FINAL_CITATIONFIX/reproducibility/outputs/tables/technical/lda_pairwise_stability_k5.csv,1095,a1361637d21c21ae355c4042b1bb2777e36aede684c74436e24a3a66b8e1b45d,a1361637d21c21ae355c4042b1bb2777e36aede684c74436e24a3a66b8e1b45d,MATCH,Folder bytes and independently read clean-ZIP member bytes match.
analytical_release_file,Whitechapel_Dissertation_Reproducibility_PUBLIC_FINAL_CITATIONFIX/reproducibility/outputs/tables/technical/lda_pairwise_stability_k6.csv,1086,d15c51754cd9ed6ed7990da84bb440ffc0e0f87c2942b6bea5332856bd2cab61,d15c51754cd9ed6ed7990da84bb440ffc0e0f87c2942b6bea5332856bd2cab61,MATCH,Folder bytes and independently read clean-ZIP member bytes match.
analytical_release_file,Whitechapel_Dissertation_Reproducibility_PUBLIC_FINAL_CITATIONFIX/reproducibility/outputs/tables/technical/lda_pairwise_stability_k7.csv,1008,b2bd9e877192e17a5307a3256140cdaeb58ada388df75c6823e0d040b56da75b,b2bd9e877192e17a5307a3256140cdaeb58ada388df75c6823e0d040b56da75b,MATCH,Folder bytes and independently read clean-ZIP member bytes match.
analytical_release_file,Whitechapel_Dissertation_Reproducibility_PUBLIC_FINAL_CITATIONFIX/reproducibility/outputs/tables/technical/lda_pairwise_stability_k8.csv,1027,bc41cb0a949bda5b57d54aba6582928d73f4fa6d3f46e5673e4414eaaaa640e1,bc41cb0a949bda5b57d54aba6582928d73f4fa6d3f46e5673e4414eaaaa640e1,MATCH,Folder bytes and independently read clean-ZIP member bytes match.
analytical_release_file,Whitechapel_Dissertation_Reproducibility_PUBLIC_FINAL_CITATIONFIX/reproducibility/outputs/tables/technical/lda_stability_summary.csv,575,697b605a208c1d00d5e8986932737a55297bcd4ac2463ffafc78ee8ee3bac7ba,697b605a208c1d00d5e8986932737a55297bcd4ac2463ffafc78ee8ee3bac7ba,MATCH,Folder bytes and independently read clean-ZIP member bytes match.
analytical_release_file,Whitechapel_Dissertation_Reproducibility_PUBLIC_FINAL_CITATIONFIX/reproducibility/outputs/tables/technical/lexical_normalisation_audit.csv,1564,7ddc52af888248f294f4900c1cc641696d6829db8d142089e1f13c4c8f246f6b,7ddc52af888248f294f4900c1cc641696d6829db8d142089e1f13c4c8f246f6b,MATCH,Folder bytes and independently read clean-ZIP member bytes match.
analytical_release_file,Whitechapel_Dissertation_Reproducibility_PUBLIC_FINAL_CITATIONFIX/reproducibility/outputs/tables/technical/nmf_component_assignment.csv,1417,23dab4e282a38baa3b927b92bcb7e5394ffc291a9d97e69793a99f05a258b144,23dab4e282a38baa3b927b92bcb7e5394ffc291a9d97e69793a99f05a258b144,MATCH,Folder bytes and independently read clean-ZIP member bytes match.
analytical_release_file,Whitechapel_Dissertation_Reproducibility_PUBLIC_FINAL_CITATIONFIX/reproducibility/outputs/tables/technical/nmf_document_topics_k4_seed42.csv,26581,05acdbdcc9e9988b19744a173bebe4704fd4c263e573a69736787f530ea192af,05acdbdcc9e9988b19744a173bebe4704fd4c263e573a69736787f530ea192af,MATCH,Folder bytes and independently read clean-ZIP member bytes match.
analytical_release_file,Whitechapel_Dissertation_Reproducibility_PUBLIC_FINAL_CITATIONFIX/reproducibility/outputs/tables/technical/nmf_document_topics_k5_seed42.csv,29518,564313e3ec267a1d3ab424462a1aa0ad4e557e6fc79d6eca5fd32afa715f69f7,564313e3ec267a1d3ab424462a1aa0ad4e557e6fc79d6eca5fd32afa715f69f7,MATCH,Folder bytes and independently read clean-ZIP member bytes match.
analytical_release_file,Whitechapel_Dissertation_Reproducibility_PUBLIC_FINAL_CITATIONFIX/reproducibility/outputs/tables/technical/nmf_document_topics_k6_seed42.csv,32677,8b520788998fad5f1c56716896bc028ccf6742115ba316de2023ee0edc612c56,8b520788998fad5f1c56716896bc028ccf6742115ba316de2023ee0edc612c56,MATCH,Folder bytes and independently read clean-ZIP member bytes match.
analytical_release_file,Whitechapel_Dissertation_Reproducibility_PUBLIC_FINAL_CITATIONFIX/reproducibility/outputs/tables/technical/nmf_document_topics_k7_seed42.csv,35084,27c8fbfa4f60e567aa6619698262aa3d13e554086bc824f2fc385f294c1e0144,27c8fbfa4f60e567aa6619698262aa3d13e554086bc824f2fc385f294c1e0144,MATCH,Folder bytes and independently read clean-ZIP member bytes match.
analytical_release_file,Whitechapel_Dissertation_Reproducibility_PUBLIC_FINAL_CITATIONFIX/reproducibility/outputs/tables/technical/nmf_document_topics_k8_seed42.csv,37827,214220c636b88cb238c2f29604c8e80618094cf1a1dd82c5082c64a3ab55fa9c,214220c636b88cb238c2f29604c8e80618094cf1a1dd82c5082c64a3ab55fa9c,MATCH,Folder bytes and independently read clean-ZIP member bytes match.
analytical_release_file,Whitechapel_Dissertation_Reproducibility_PUBLIC_FINAL_CITATIONFIX/reproducibility/outputs/tables/technical/nmf_pairwise_stability_k4.csv,1013,6d80f01377e0eb521de28b0d7cdba7c73065c2b34ca725997e7705cd3c921f05,6d80f01377e0eb521de28b0d7cdba7c73065c2b34ca725997e7705cd3c921f05,MATCH,Folder bytes and independently read clean-ZIP member bytes match.
analytical_release_file,Whitechapel_Dissertation_Reproducibility_PUBLIC_FINAL_CITATIONFIX/reproducibility/outputs/tables/technical/nmf_pairwise_stability_k5.csv,949,67afde66b08967188662940cf8b377ba3b1ee2b49ea7285209bfcea86225fd8f,67afde66b08967188662940cf8b377ba3b1ee2b49ea7285209bfcea86225fd8f,MATCH,Folder bytes and independently read clean-ZIP member bytes match.
analytical_release_file,Whitechapel_Dissertation_Reproducibility_PUBLIC_FINAL_CITATIONFIX/reproducibility/outputs/tables/technical/nmf_pairwise_stability_k6.csv,881,b51a27f077fe42db6669540c52e8fabcc3f93686459ce8500fbe204e2976ed22,b51a27f077fe42db6669540c52e8fabcc3f93686459ce8500fbe204e2976ed22,MATCH,Folder bytes and independently read clean-ZIP member bytes match.
analytical_release_file,Whitechapel_Dissertation_Reproducibility_PUBLIC_FINAL_CITATIONFIX/reproducibility/outputs/tables/technical/nmf_pairwise_stability_k7.csv,876,0393c9315ff6efb1f14477a651ad66c5ce91033627d478240ff37aff0460b91a,0393c9315ff6efb1f14477a651ad66c5ce91033627d478240ff37aff0460b91a,MATCH,Folder bytes and independently read clean-ZIP member bytes match.
analytical_release_file,Whitechapel_Dissertation_Reproducibility_PUBLIC_FINAL_CITATIONFIX/reproducibility/outputs/tables/technical/nmf_pairwise_stability_k8.csv,921,3d74d8e8644106776b6e73f57029ebe787d8362b7d93a4660ed11af06314ee2c,3d74d8e8644106776b6e73f57029ebe787d8362b7d93a4660ed11af06314ee2c,MATCH,Folder bytes and independently read clean-ZIP member bytes match.
analytical_release_file,Whitechapel_Dissertation_Reproducibility_PUBLIC_FINAL_CITATIONFIX/reproducibility/outputs/tables/technical/nmf_primary_components_k7.npy,224128,202ad63b9806e4eac5db43c4862775528d7db8ff3a095805d8da21397ce485e5,202ad63b9806e4eac5db43c4862775528d7db8ff3a095805d8da21397ce485e5,MATCH,Folder bytes and independently read clean-ZIP member bytes match.
analytical_release_file,Whitechapel_Dissertation_Reproducibility_PUBLIC_FINAL_CITATIONFIX/reproducibility/outputs/tables/technical/nmf_primary_document_topics_k7.csv,34737,b9af40ef75bb62744be8a5b34d5f20c37cc125a584ac89164eff837347f18599,b9af40ef75bb62744be8a5b34d5f20c37cc125a584ac89164eff837347f18599,MATCH,Folder bytes and independently read clean-ZIP member bytes match.
analytical_release_file,Whitechapel_Dissertation_Reproducibility_PUBLIC_FINAL_CITATIONFIX/reproducibility/outputs/tables/technical/nmf_primary_topics_by_year.csv,1104,86798c200c38f68067b77095cd838b9fa01f2a928b51aaaa1c2e78f2094242a7,86798c200c38f68067b77095cd838b9fa01f2a928b51aaaa1c2e78f2094242a7,MATCH,Folder bytes and independently read clean-ZIP member bytes match.
analytical_release_file,Whitechapel_Dissertation_Reproducibility_PUBLIC_FINAL_CITATIONFIX/reproducibility/outputs/tables/technical/nmf_primary_topics_k7.csv,875,1ec4da1a5ee3feaf2084f6c45233eef704f9b2468e8d5c4f31ee51b522b53d75,1ec4da1a5ee3feaf2084f6c45233eef704f9b2468e8d5c4f31ee51b522b53d75,MATCH,Folder bytes and independently read clean-ZIP member bytes match.
analytical_release_file,Whitechapel_Dissertation_Reproducibility_PUBLIC_FINAL_CITATIONFIX/reproducibility/outputs/tables/technical/nmf_random_components_k7_seed1.npy,224128,29473b458dd5275feeef0da43ada2fe9ee7fa3c312bf51e80ad5ee70a18d6c69,29473b458dd5275feeef0da43ada2fe9ee7fa3c312bf51e80ad5ee70a18d6c69,MATCH,Folder bytes and independently read clean-ZIP member bytes match.
analytical_release_file,Whitechapel_Dissertation_Reproducibility_PUBLIC_FINAL_CITATIONFIX/reproducibility/outputs/tables/technical/nmf_random_components_k7_seed100.npy,224128,8dc0881a1d01aaeb6b13ed5734289a3f0e828277766de6795819349579afcc59,8dc0881a1d01aaeb6b13ed5734289a3f0e828277766de6795819349579afcc59,MATCH,Folder bytes and independently read clean-ZIP member bytes match.
analytical_release_file,Whitechapel_Dissertation_Reproducibility_PUBLIC_FINAL_CITATIONFIX/reproducibility/outputs/tables/technical/nmf_random_components_k7_seed21.npy,224128,e7d15bbf18e6e5069254e9bfd7aa3d430a80418dda144fa033da8d9807dfa3db,e7d15bbf18e6e5069254e9bfd7aa3d430a80418dda144fa033da8d9807dfa3db,MATCH,Folder bytes and independently read clean-ZIP member bytes match.
analytical_release_file,Whitechapel_Dissertation_Reproducibility_PUBLIC_FINAL_CITATIONFIX/reproducibility/outputs/tables/technical/nmf_random_components_k7_seed42.npy,224128,1f5a8a8ad2d7ec555317d9321d2702c6b26ce232292f1272dec5392d6584ee28,1f5a8a8ad2d7ec555317d9321d2702c6b26ce232292f1272dec5392d6584ee28,MATCH,Folder bytes and independently read clean-ZIP member bytes match.
analytical_release_file,Whitechapel_Dissertation_Reproducibility_PUBLIC_FINAL_CITATIONFIX/reproducibility/outputs/tables/technical/nmf_random_components_k7_seed84.npy,224128,2e0e766bc8434942b1c5adc0c44bd99596e92d7ed6f9c03845eaa7bb021f4696,2e0e766bc8434942b1c5adc0c44bd99596e92d7ed6f9c03845eaa7bb021f4696,MATCH,Folder bytes and independently read clean-ZIP member bytes match.
analytical_release_file,Whitechapel_Dissertation_Reproducibility_PUBLIC_FINAL_CITATIONFIX/reproducibility/outputs/tables/technical/nmf_random_topics_k7_seed1.csv,875,ffea0511b524e1dae27bf40eae66c4c4f1122bd08f948691fa29d3a5a6430072,ffea0511b524e1dae27bf40eae66c4c4f1122bd08f948691fa29d3a5a6430072,MATCH,Folder bytes and independently read clean-ZIP member bytes match.
analytical_release_file,Whitechapel_Dissertation_Reproducibility_PUBLIC_FINAL_CITATIONFIX/reproducibility/outputs/tables/technical/nmf_random_topics_k7_seed100.csv,842,374d3898fa926f5038353eda974a50a4dc1bdc0ac176c04608b2f31fb503a3e3,374d3898fa926f5038353eda974a50a4dc1bdc0ac176c04608b2f31fb503a3e3,MATCH,Folder bytes and independently read clean-ZIP member bytes match.
analytical_release_file,Whitechapel_Dissertation_Reproducibility_PUBLIC_FINAL_CITATIONFIX/reproducibility/outputs/tables/technical/nmf_random_topics_k7_seed21.csv,875,46d1088ad0c300b727974eafc020fab3cd261503a9d47a34508995794e209252,46d1088ad0c300b727974eafc020fab3cd261503a9d47a34508995794e209252,MATCH,Folder bytes and independently read clean-ZIP member bytes match.
analytical_release_file,Whitechapel_Dissertation_Reproducibility_PUBLIC_FINAL_CITATIONFIX/reproducibility/outputs/tables/technical/nmf_random_topics_k7_seed42.csv,875,e57cf34a3f96a17a4a614569511299a59e74b19da58af5752cc54cefd9240c10,e57cf34a3f96a17a4a614569511299a59e74b19da58af5752cc54cefd9240c10,MATCH,Folder bytes and independently read clean-ZIP member bytes match.
analytical_release_file,Whitechapel_Dissertation_Reproducibility_PUBLIC_FINAL_CITATIONFIX/reproducibility/outputs/tables/technical/nmf_random_topics_k7_seed84.csv,875,6503f5072d75956d5d1340e5aaf118f83f55e215f2343de4e8e0e3f5298609c0,6503f5072d75956d5d1340e5aaf118f83f55e215f2343de4e8e0e3f5298609c0,MATCH,Folder bytes and independently read clean-ZIP member bytes match.
analytical_release_file,Whitechapel_Dissertation_Reproducibility_PUBLIC_FINAL_CITATIONFIX/reproducibility/outputs/tables/technical/nmf_stability_summary.csv,559,c97e98e69027b29ef557fd1db2784f92623721e12c1618ddbcffab39c6e06426,c97e98e69027b29ef557fd1db2784f92623721e12c1618ddbcffab39c6e06426,MATCH,Folder bytes and independently read clean-ZIP member bytes match.
analytical_release_file,Whitechapel_Dissertation_Reproducibility_PUBLIC_FINAL_CITATIONFIX/reproducibility/outputs/tables/technical/nmf_topic_stability_k4.csv,3437,2fa606318eb64e7e608b5776db5554faff01fa24ca462b39b55392f3c5993967,2fa606318eb64e7e608b5776db5554faff01fa24ca462b39b55392f3c5993967,MATCH,Folder bytes and independently read clean-ZIP member bytes match.
analytical_release_file,Whitechapel_Dissertation_Reproducibility_PUBLIC_FINAL_CITATIONFIX/reproducibility/outputs/tables/technical/nmf_topic_stability_k5.csv,4231,5a06c14a99073300e37d723f113153239893c67d4ae496ab5ddabaa57c4bb005,5a06c14a99073300e37d723f113153239893c67d4ae496ab5ddabaa57c4bb005,MATCH,Folder bytes and independently read clean-ZIP member bytes match.
analytical_release_file,Whitechapel_Dissertation_Reproducibility_PUBLIC_FINAL_CITATIONFIX/reproducibility/outputs/tables/technical/nmf_topic_stability_k6.csv,5070,d6c012a97beb1072804d485d98a81c808498263155733f4b7c043044cdcd50db,d6c012a97beb1072804d485d98a81c808498263155733f4b7c043044cdcd50db,MATCH,Folder bytes and independently read clean-ZIP member bytes match.
analytical_release_file,Whitechapel_Dissertation_Reproducibility_PUBLIC_FINAL_CITATIONFIX/reproducibility/outputs/tables/technical/nmf_topic_stability_k7.csv,6098,de8f85a3fb49ef177d359eff2b167c232ed44d41a07b1a8b6936b81f24d7b393,de8f85a3fb49ef177d359eff2b167c232ed44d41a07b1a8b6936b81f24d7b393,MATCH,Folder bytes and independently read clean-ZIP member bytes match.
analytical_release_file,Whitechapel_Dissertation_Reproducibility_PUBLIC_FINAL_CITATIONFIX/reproducibility/outputs/tables/technical/nmf_topic_stability_k8.csv,6956,586f06cd9be4e25b81c1fb7c28e8327a4a895e9effa87d3468a41060d2364f04,586f06cd9be4e25b81c1fb7c28e8327a4a895e9effa87d3468a41060d2364f04,MATCH,Folder bytes and independently read clean-ZIP member bytes match.
analytical_release_file,Whitechapel_Dissertation_Reproducibility_PUBLIC_FINAL_CITATIONFIX/reproducibility/outputs/tables/technical/nmf_topics_k4_seed42.csv,489,723f518a6b96b83023bed5a3e52e8adf274e31edb115d40ca15b82cc1cbd5926,723f518a6b96b83023bed5a3e52e8adf274e31edb115d40ca15b82cc1cbd5926,MATCH,Folder bytes and independently read clean-ZIP member bytes match.
analytical_release_file,Whitechapel_Dissertation_Reproducibility_PUBLIC_FINAL_CITATIONFIX/reproducibility/outputs/tables/technical/nmf_topics_k5_seed42.csv,592,892f669acf9509c5227e00599ff44d71e9aa5baeab28607d329f4627ef4d74fa,892f669acf9509c5227e00599ff44d71e9aa5baeab28607d329f4627ef4d74fa,MATCH,Folder bytes and independently read clean-ZIP member bytes match.
analytical_release_file,Whitechapel_Dissertation_Reproducibility_PUBLIC_FINAL_CITATIONFIX/reproducibility/outputs/tables/technical/nmf_topics_k6_seed42.csv,729,c5d705ef05e6869ea4724f903add36e47a580a5c6a1e672e87768a147abd6a20,c5d705ef05e6869ea4724f903add36e47a580a5c6a1e672e87768a147abd6a20,MATCH,Folder bytes and independently read clean-ZIP member bytes match.
analytical_release_file,Whitechapel_Dissertation_Reproducibility_PUBLIC_FINAL_CITATIONFIX/reproducibility/outputs/tables/technical/nmf_topics_k7_seed42.csv,875,e57cf34a3f96a17a4a614569511299a59e74b19da58af5752cc54cefd9240c10,e57cf34a3f96a17a4a614569511299a59e74b19da58af5752cc54cefd9240c10,MATCH,Folder bytes and independently read clean-ZIP member bytes match.
analytical_release_file,Whitechapel_Dissertation_Reproducibility_PUBLIC_FINAL_CITATIONFIX/reproducibility/outputs/tables/technical/nmf_topics_k8_seed42.csv,994,e07b3e396fe31d880fd88a05e5d008fc37a51733a27aafef6eb22c9b9ec6f857,e07b3e396fe31d880fd88a05e5d008fc37a51733a27aafef6eb22c9b9ec6f857,MATCH,Folder bytes and independently read clean-ZIP member bytes match.
analytical_release_file,Whitechapel_Dissertation_Reproducibility_PUBLIC_FINAL_CITATIONFIX/reproducibility/outputs/tables/technical/spatial_disease_candidate_pairs.csv,15048,43b70bbb48ce55e269e37a767bef4188f5b39a33fe0404c660b69bdc5e7a5d74,43b70bbb48ce55e269e37a767bef4188f5b39a33fe0404c660b69bdc5e7a5d74,MATCH,Folder bytes and independently read clean-ZIP member bytes match.
analytical_release_file,Whitechapel_Dissertation_Reproducibility_PUBLIC_FINAL_CITATIONFIX/reproducibility/outputs/tables/technical/spatial_disease_validation.csv,17206,a87190e9b83fa831e608b51c8eed1db49afc86cd1a13b9a883c59f7e86e6092c,a87190e9b83fa831e608b51c8eed1db49afc86cd1a13b9a883c59f7e86e6092c,MATCH,Folder bytes and independently read clean-ZIP member bytes match.
analytical_release_file,Whitechapel_Dissertation_Reproducibility_PUBLIC_FINAL_CITATIONFIX/reproducibility/outputs/tables/technical/spatial_disease_validation_summary.csv,128,f2ce6c5d8439fda6c32e31f893bde3686744c95738569af6d8ede53afd436bd6,f2ce6c5d8439fda6c32e31f893bde3686744c95738569af6d8ede53afd436bd6,MATCH,Folder bytes and independently read clean-ZIP member bytes match.
analytical_release_file,Whitechapel_Dissertation_Reproducibility_PUBLIC_FINAL_CITATIONFIX/reproducibility/outputs/tables/technical/topic_model_input.csv,310257,711e3da4c15a7063de1f9a6838b7b4cbcbadb320d8c163f3113d553aeea6b798,711e3da4c15a7063de1f9a6838b7b4cbcbadb320d8c163f3113d553aeea6b798,MATCH,Folder bytes and independently read clean-ZIP member bytes match.
analytical_release_file,Whitechapel_Dissertation_Reproducibility_PUBLIC_FINAL_CITATIONFIX/reproducibility/outputs/tables/technical/topic_model_manifest.json,852,a005a74f88217f58b218e99939c316c9539f91d7339b7452cdc32588f958a967,a005a74f88217f58b218e99939c316c9539f91d7339b7452cdc32588f958a967,MATCH,Folder bytes and independently read clean-ZIP member bytes match.
analytical_release_file,Whitechapel_Dissertation_Reproducibility_PUBLIC_FINAL_CITATIONFIX/reproducibility/outputs/tables/technical/workplace_address_extraction.csv,4683,5ccbb5f9329c5e6b379cbc27808c7c5052772d2f17f566d143ab0f03cb3d2f73,5ccbb5f9329c5e6b379cbc27808c7c5052772d2f17f566d143ab0f03cb3d2f73,MATCH,Folder bytes and independently read clean-ZIP member bytes match.
analytical_release_file,Whitechapel_Dissertation_Reproducibility_PUBLIC_FINAL_CITATIONFIX/reproducibility/outputs/tables/technical/workplace_address_summary.csv,138,61d1a3fbcced4e99a3fbfc8ef0579c3fdd3c46610038667af7cfe88340cb54ff,61d1a3fbcced4e99a3fbfc8ef0579c3fdd3c46610038667af7cfe88340cb54ff,MATCH,Folder bytes and independently read clean-ZIP member bytes match.
analytical_release_file,Whitechapel_Dissertation_Reproducibility_PUBLIC_FINAL_CITATIONFIX/reproducibility/requirements-lock.txt,2132,8822b2a4017b10c0ddbecca2fd28ea7aaca9d8e60258b6cae1137cad57f05773,8822b2a4017b10c0ddbecca2fd28ea7aaca9d8e60258b6cae1137cad57f05773,MATCH,Folder bytes and independently read clean-ZIP member bytes match.
analytical_release_file,Whitechapel_Dissertation_Reproducibility_PUBLIC_FINAL_CITATIONFIX/reproducibility/run_all.py,10987,448d8912c42e0428def7cca35ee98a6749fb2727bc3ae526caac1e65f1d3f235,448d8912c42e0428def7cca35ee98a6749fb2727bc3ae526caac1e65f1d3f235,MATCH,Folder bytes and independently read clean-ZIP member bytes match.
analytical_release_file,Whitechapel_Dissertation_Reproducibility_PUBLIC_FINAL_CITATIONFIX/reproducibility/scripts/00_corpus_workflow_figure.py,2471,b99d54b6ba34c142ea654db8d18bdb1c08e0345f0ddfc32be11b3894093aeab0,b99d54b6ba34c142ea654db8d18bdb1c08e0345f0ddfc32be11b3894093aeab0,MATCH,Folder bytes and independently read clean-ZIP member bytes match.
analytical_release_file,Whitechapel_Dissertation_Reproducibility_PUBLIC_FINAL_CITATIONFIX/reproducibility/scripts/01_moh_quality_check.py,5257,905b743c0382f06c556a568e0bce1a60901ec00c6d005775a269b4f0c164675b,905b743c0382f06c556a568e0bce1a60901ec00c6d005775a269b4f0c164675b,MATCH,Folder bytes and independently read clean-ZIP member bytes match.
analytical_release_file,Whitechapel_Dissertation_Reproducibility_PUBLIC_FINAL_CITATIONFIX/reproducibility/scripts/02_moh_keyword_counts.py,3354,ee3b1596969abf2acac23225d113f52f166281d3442e0e03dff4498ae8d210c8,ee3b1596969abf2acac23225d113f52f166281d3442e0e03dff4498ae8d210c8,MATCH,Folder bytes and independently read clean-ZIP member bytes match.
analytical_release_file,Whitechapel_Dissertation_Reproducibility_PUBLIC_FINAL_CITATIONFIX/reproducibility/scripts/03_moh_place_matching.py,5285,e8622dddea579bbb4ddc6cd733b837885795377edb86ea4194fae3b7bfb520f9,e8622dddea579bbb4ddc6cd733b837885795377edb86ea4194fae3b7bfb520f9,MATCH,Folder bytes and independently read clean-ZIP member bytes match.
analytical_release_file,Whitechapel_Dissertation_Reproducibility_PUBLIC_FINAL_CITATIONFIX/reproducibility/scripts/04_moh_place_term_cooccurrence.py,6012,a76199ed22e516157cc4017b38ecd9cd067ab4ec40e7f495bc79417dd0bc442e,a76199ed22e516157cc4017b38ecd9cd067ab4ec40e7f495bc79417dd0bc442e,MATCH,Folder bytes and independently read clean-ZIP member bytes match.
analytical_release_file,Whitechapel_Dissertation_Reproducibility_PUBLIC_FINAL_CITATIONFIX/reproducibility/scripts/05_moh_basic_figures.py,5246,e58b03d8c463777312f3364e6949624289de87b91f5c68e1ee0bcf2f1fc06382,e58b03d8c463777312f3364e6949624289de87b91f5c68e1ee0bcf2f1fc06382,MATCH,Folder bytes and independently read clean-ZIP member bytes match.
analytical_release_file,Whitechapel_Dissertation_Reproducibility_PUBLIC_FINAL_CITATIONFIX/reproducibility/scripts/06_moh_cooccurrence_contexts.py,5761,a096a8ca30f8bd335e636303a2348e2ba65deaae21d3061f2fae1874a5f3df8b,a096a8ca30f8bd335e636303a2348e2ba65deaae21d3061f2fae1874a5f3df8b,MATCH,Folder bytes and independently read clean-ZIP member bytes match.
analytical_release_file,Whitechapel_Dissertation_Reproducibility_PUBLIC_FINAL_CITATIONFIX/reproducibility/scripts/07_moh_narrative_extraction.py,9819,4bd10b589f27ffc346d61cef2a7c34fe525f50d285eac2e59e6dd598d997c11b,4bd10b589f27ffc346d61cef2a7c34fe525f50d285eac2e59e6dd598d997c11b,MATCH,Folder bytes and independently read clean-ZIP member bytes match.
analytical_release_file,Whitechapel_Dissertation_Reproducibility_PUBLIC_FINAL_CITATIONFIX/reproducibility/scripts/08_moh_narrative_keyword_analysis.py,2897,5df2eb6a0ed22ddb9a11054d1036d80674613a539a4096575b2c772d35fbd8f1,5df2eb6a0ed22ddb9a11054d1036d80674613a539a4096575b2c772d35fbd8f1,MATCH,Folder bytes and independently read clean-ZIP member bytes match.
analytical_release_file,Whitechapel_Dissertation_Reproducibility_PUBLIC_FINAL_CITATIONFIX/reproducibility/scripts/09_moh_close_reading_candidates.py,2247,cd4866cf3b37211a616450aa59138c386923903a4f01198efb74bf32a45e3552,cd4866cf3b37211a616450aa59138c386923903a4f01198efb74bf32a45e3552,MATCH,Folder bytes and independently read clean-ZIP member bytes match.
analytical_release_file,Whitechapel_Dissertation_Reproducibility_PUBLIC_FINAL_CITATIONFIX/reproducibility/scripts/10_moh_spatial_reference_candidates.py,2462,cc3af0e50d42e8e12886db73e3fb43f41437a1ae15d79b804b22401620e1a542,cc3af0e50d42e8e12886db73e3fb43f41437a1ae15d79b804b22401620e1a542,MATCH,Folder bytes and independently read clean-ZIP member bytes match.
analytical_release_file,Whitechapel_Dissertation_Reproducibility_PUBLIC_FINAL_CITATIONFIX/reproducibility/scripts/11_moh_chapter3_figures.py,9977,5465a19f48237b4e7e03ed99e5cf327107a4cbfc897c080df3f67f64eb9cd189,5465a19f48237b4e7e03ed99e5cf327107a4cbfc897c080df3f67f64eb9cd189,MATCH,Folder bytes and independently read clean-ZIP member bytes match.
analytical_release_file,Whitechapel_Dissertation_Reproducibility_PUBLIC_FINAL_CITATIONFIX/reproducibility/scripts/12_moh_keyword_dictionary_appendix.py,13498,0135d3b57780f3a1f0b6cfac506368dfc9850dec1547712faa819d5cf6a44f86,0135d3b57780f3a1f0b6cfac506368dfc9850dec1547712faa819d5cf6a44f86,MATCH,Folder bytes and independently read clean-ZIP member bytes match.
analytical_release_file,Whitechapel_Dissertation_Reproducibility_PUBLIC_FINAL_CITATIONFIX/reproducibility/scripts/13_moh_topic_model_sensitivity.py,13907,9907c6b2b07a4ed9c2915d3e845e24e98785eaa2b01e7e0928482857d73cecf3,9907c6b2b07a4ed9c2915d3e845e24e98785eaa2b01e7e0928482857d73cecf3,MATCH,Folder bytes and independently read clean-ZIP member bytes match.
analytical_release_file,Whitechapel_Dissertation_Reproducibility_PUBLIC_FINAL_CITATIONFIX/reproducibility/scripts/14_moh_lda_sensitivity.py,2544,09cc1dd3f406cc01c5b98f038f931384719797da8e09c6261f810152b9df306a,09cc1dd3f406cc01c5b98f038f931384719797da8e09c6261f810152b9df306a,MATCH,Folder bytes and independently read clean-ZIP member bytes match.
analytical_release_file,Whitechapel_Dissertation_Reproducibility_PUBLIC_FINAL_CITATIONFIX/reproducibility/scripts/15_moh_lexical_normalisation_audit.py,1831,e8972aa25054bb569157fc9739cf50a5c6a0d2808d197ad222d2646cf0da5e1c,e8972aa25054bb569157fc9739cf50a5c6a0d2808d197ad222d2646cf0da5e1c,MATCH,Folder bytes and independently read clean-ZIP member bytes match.
analytical_release_file,Whitechapel_Dissertation_Reproducibility_PUBLIC_FINAL_CITATIONFIX/reproducibility/scripts/16_moh_spatial_disease_validation.py,2386,5b6126fdc25753162a31009bfc292d1274634cab1921f2c22cd7a4d4fe9e6bc4,5b6126fdc25753162a31009bfc292d1274634cab1921f2c22cd7a4d4fe9e6bc4,MATCH,Folder bytes and independently read clean-ZIP member bytes match.
analytical_release_file,Whitechapel_Dissertation_Reproducibility_PUBLIC_FINAL_CITATIONFIX/reproducibility/scripts/17_moh_technical_figures.py,10327,0d25811920e7ff2e2149a0ee099432b0a615039fd746de6f3bb4ee85b9d1e4fa,0d25811920e7ff2e2149a0ee099432b0a615039fd746de6f3bb4ee85b9d1e4fa,MATCH,Folder bytes and independently read clean-ZIP member bytes match.
analytical_release_file,Whitechapel_Dissertation_Reproducibility_PUBLIC_FINAL_CITATIONFIX/reproducibility/scripts/18_moh_inequality_marker_sensitivity.py,2269,8139c3a83786c1a87d902a077b70586ba1d745e48e757e604fa521105e34e1f4,8139c3a83786c1a87d902a077b70586ba1d745e48e757e604fa521105e34e1f4,MATCH,Folder bytes and independently read clean-ZIP member bytes match.
analytical_release_file,Whitechapel_Dissertation_Reproducibility_PUBLIC_FINAL_CITATIONFIX/reproducibility/scripts/19_moh_workplace_address_extraction.py,6230,481809dacf1e9b10e75278c8472613a3c9e650fa9f647a5b178f16179e4900ae,481809dacf1e9b10e75278c8472613a3c9e650fa9f647a5b178f16179e4900ae,MATCH,Folder bytes and independently read clean-ZIP member bytes match.
analytical_release_file,Whitechapel_Dissertation_Reproducibility_PUBLIC_FINAL_CITATIONFIX/reproducibility/scripts/20_whitechapel_maps.py,20969,df3f8a1146ee75799f1c352d0c39c920fca0e4a6b5d355d4847f55d13ae8160e,df3f8a1146ee75799f1c352d0c39c920fca0e4a6b5d355d4847f55d13ae8160e,MATCH,Folder bytes and independently read clean-ZIP member bytes match.
analytical_release_file,Whitechapel_Dissertation_Reproducibility_PUBLIC_FINAL_CITATIONFIX/reproducibility/scripts/moh_keyword_dictionary.py,6135,c49b36958df19a2196ef1835713179e310173a16f377542bac42e0e99e6babed,c49b36958df19a2196ef1835713179e310173a16f377542bac42e0e99e6babed,MATCH,Folder bytes and independently read clean-ZIP member bytes match.
analytical_release_file,Whitechapel_Dissertation_Reproducibility_PUBLIC_FINAL_CITATIONFIX/reproducibility/scripts/place_matching.py,6830,53a515c199a5d11619456512e5b2ed2760bb8b7978c53e24d61d4d5c812e6c40,53a515c199a5d11619456512e5b2ed2760bb8b7978c53e24d61d4d5c812e6c40,MATCH,Folder bytes and independently read clean-ZIP member bytes match.
analytical_release_file,Whitechapel_Dissertation_Reproducibility_PUBLIC_FINAL_CITATIONFIX/reproducibility/scripts/portable_fonts.py,587,a6946ef206cfd765ac8e61d1a46c4ea44d84477724fb3a98c470c8243553aefc,a6946ef206cfd765ac8e61d1a46c4ea44d84477724fb3a98c470c8243553aefc,MATCH,Folder bytes and independently read clean-ZIP member bytes match.
analytical_release_file,Whitechapel_Dissertation_Reproducibility_PUBLIC_FINAL_CITATIONFIX/reproducibility/tests/test_public_release.py,7349,803cd6aa0960d5c8173791ad2d55a4647e91002160da80cc42902a07b79938b5,803cd6aa0960d5c8173791ad2d55a4647e91002160da80cc42902a07b79938b5,MATCH,Folder bytes and independently read clean-ZIP member bytes match.
clean_analytical_release_zip,Whitechapel_Dissertation_Reproducibility_PUBLIC_FINAL_CITATIONFIX_CLEAN.zip,71770796,83145cf726f34cd3baa5842cd9dd945a28b169b2b9289e3a866f5ccc0c41c4bd,,ZIP_INTEGRITY_PASS,CRC passed; expected root folder; debris counts zero; audit_bundle intentionally external.
private_dissertation_reference,JiangJie_CASA0010_Dissertation_FINAL.docx,34544545,c6037301b26c32915a8aba5ac0c4d5bca44d5ca645837fe8218c8eac7f17f270,,NOT_DISTRIBUTED,Private final dissertation submission reference only; intentionally excluded from the public repository and v1.0.0 release asset.
private_dissertation_reference,JiangJie_CASA0010_Dissertation_FINAL.pdf,38157959,c3d339db1a002bece2506dec94e7d21b744f1b290da89c417182a026f4a7db8a,,NOT_DISTRIBUTED,Private final dissertation PDF reference only; intentionally excluded from the public repository and v1.0.0 release asset.
